[dotenv@17.2.3] injecting env (2) from .env -- tip: ⚙️  load multiple .env files with { path: ['.env.local', '.env'] }
✅ Server running on port 3000
✅ MongoDB connected
[2025-12-30T15:49:04.681Z] POST /api/auth/register
[2025-12-30T15:49:04.943Z] POST /api/auth/login
[2025-12-30T15:49:05.127Z] GET /api/boards/my
[2025-12-30T15:51:35.954Z] OPTIONS /api/auth/login
[2025-12-30T15:51:35.958Z] POST /api/auth/login
[2025-12-30T15:51:36.336Z] OPTIONS /api/boards/my
[2025-12-30T15:51:36.342Z] GET /api/boards/my
[2025-12-30T15:51:36.543Z] GET /api/boards/my
[2025-12-30T15:51:36.754Z] GET /api/boards/my
[2025-12-30T15:51:36.957Z] GET /api/boards/my
[2025-12-30T15:51:37.156Z] GET /api/boards/my
[2025-12-30T15:51:37.385Z] GET /api/boards/my
[2025-12-30T15:51:37.570Z] GET /api/boards/my
[2025-12-30T15:51:37.775Z] GET /api/boards/my
[2025-12-30T15:51:37.986Z] GET /api/boards/my
[2025-12-30T15:51:38.187Z] GET /api/boards/my
[2025-12-30T15:51:38.393Z] GET /api/boards/my
[2025-12-30T15:51:38.600Z] GET /api/boards/my
[2025-12-30T15:51:38.814Z] GET /api/boards/my
[2025-12-30T15:51:39.023Z] GET /api/boards/my
[2025-12-30T15:51:39.217Z] GET /api/boards/my
[2025-12-30T15:51:39.426Z] GET /api/boards/my
[2025-12-30T15:51:39.646Z] GET /api/boards/my
[2025-12-30T15:51:39.844Z] GET /api/boards/my
[2025-12-30T15:51:40.067Z] GET /api/boards/my
[2025-12-30T15:51:40.229Z] GET /api/boards/my
[2025-12-30T15:51:40.454Z] GET /api/boards/my
[2025-12-30T15:51:40.676Z] GET /api/boards/my
[2025-12-30T15:51:40.868Z] GET /api/boards/my
[2025-12-30T15:51:41.068Z] GET /api/boards/my
[2025-12-30T15:51:41.282Z] GET /api/boards/my
[2025-12-30T15:51:41.473Z] OPTIONS /api/boards/my
[2025-12-30T15:51:41.481Z] GET /api/boards/my
[2025-12-30T15:51:41.684Z] GET /api/boards/my
[2025-12-30T15:51:41.894Z] GET /api/boards/my
[2025-12-30T15:51:42.124Z] GET /api/boards/my
[2025-12-30T15:51:42.317Z] GET /api/boards/my
[2025-12-30T15:51:42.521Z] GET /api/boards/my
[2025-12-30T15:51:42.724Z] GET /api/boards/my
[2025-12-30T15:51:42.927Z] GET /api/boards/my
[2025-12-30T15:51:43.138Z] GET /api/boards/my
[2025-12-30T15:51:43.346Z] GET /api/boards/my
[2025-12-30T15:51:43.564Z] GET /api/boards/my
[2025-12-30T15:51:43.754Z] GET /api/boards/my
[2025-12-30T15:51:43.961Z] GET /api/boards/my
[2025-12-30T15:51:44.145Z] GET /api/boards/my
[2025-12-30T15:51:44.353Z] GET /api/boards/my
[2025-12-30T15:51:44.574Z] GET /api/boards/my
[2025-12-30T15:51:44.769Z] GET /api/boards/my
[2025-12-30T15:51:44.972Z] GET /api/boards/my
[2025-12-30T15:51:45.180Z] GET /api/boards/my
[2025-12-30T15:51:45.393Z] GET /api/boards/my
[2025-12-30T15:51:45.609Z] GET /api/boards/my
[2025-12-30T15:51:45.811Z] GET /api/boards/my
[2025-12-30T15:51:46.020Z] GET /api/boards/my
[2025-12-30T15:51:46.227Z] GET /api/boards/my
[2025-12-30T15:51:46.420Z] GET /api/boards/my
[2025-12-30T15:51:46.634Z] OPTIONS /api/boards/my
[2025-12-30T15:51:46.637Z] GET /api/boards/my
[2025-12-30T15:51:46.836Z] GET /api/boards/my
[2025-12-30T15:51:47.043Z] GET /api/boards/my
[2025-12-30T15:51:47.266Z] GET /api/boards/my
[2025-12-30T15:51:47.461Z] GET /api/boards/my
[2025-12-30T15:51:47.677Z] GET /api/boards/my
[2025-12-30T15:51:47.872Z] GET /api/boards/my
[2025-12-30T15:51:48.083Z] GET /api/boards/my
[2025-12-30T15:51:48.282Z] GET /api/boards/my
[2025-12-30T15:51:48.493Z] GET /api/boards/my
[2025-12-30T15:51:48.710Z] GET /api/boards/my
[2025-12-30T15:51:48.936Z] GET /api/boards/my
[2025-12-30T15:51:49.135Z] GET /api/boards/my
[2025-12-30T15:51:49.321Z] GET /api/boards/my
[2025-12-30T15:51:49.521Z] GET /api/boards/my
[2025-12-30T15:51:49.737Z] GET /api/boards/my
[2025-12-30T15:51:49.948Z] GET /api/boards/my
[2025-12-30T15:51:50.136Z] GET /api/boards/my
[2025-12-30T15:51:50.352Z] GET /api/boards/my
[2025-12-30T15:51:50.569Z] GET /api/boards/my
[2025-12-30T15:51:50.773Z] GET /api/boards/my
[2025-12-30T15:51:50.989Z] GET /api/boards/my
[2025-12-30T15:51:51.171Z] GET /api/boards/my
[2025-12-30T15:51:51.393Z] GET /api/boards/my
[2025-12-30T15:51:51.587Z] GET /api/boards/my
[2025-12-30T15:51:51.810Z] OPTIONS /api/boards/my
[2025-12-30T15:51:51.812Z] GET /api/boards/my
[2025-12-30T15:51:52.032Z] GET /api/boards/my
[2025-12-30T15:51:52.212Z] GET /api/boards/my
[2025-12-30T15:51:52.429Z] GET /api/boards/my
[2025-12-30T15:51:52.629Z] GET /api/boards/my
[2025-12-30T15:51:52.833Z] GET /api/boards/my
[2025-12-30T15:51:53.063Z] GET /api/boards/my
[2025-12-30T15:51:53.251Z] GET /api/boards/my
[2025-12-30T15:51:53.471Z] GET /api/boards/my
[2025-12-30T15:51:53.669Z] GET /api/boards/my
[2025-12-30T15:51:53.870Z] GET /api/boards/my
[2025-12-30T15:51:54.090Z] GET /api/boards/my
[2025-12-30T15:51:54.282Z] GET /api/boards/my
[2025-12-30T15:51:54.485Z] GET /api/boards/my
[2025-12-30T15:51:54.683Z] GET /api/boards/my
[2025-12-30T15:51:54.907Z] GET /api/boards/my
[2025-12-30T15:51:55.127Z] GET /api/boards/my
[2025-12-30T15:51:55.313Z] GET /api/boards/my
[2025-12-30T15:51:55.528Z] GET /api/boards/my
[2025-12-30T15:51:55.723Z] GET /api/boards/my
[2025-12-30T15:51:55.934Z] GET /api/boards/my
[2025-12-30T15:51:56.140Z] GET /api/boards/my
[2025-12-30T15:51:56.344Z] GET /api/boards/my
[2025-12-30T15:51:56.549Z] GET /api/boards/my
[2025-12-30T15:51:56.762Z] GET /api/boards/my
[2025-12-30T15:51:56.978Z] OPTIONS /api/boards/my
[2025-12-30T15:51:56.980Z] GET /api/boards/my
[2025-12-30T15:51:57.182Z] GET /api/boards/my
[2025-12-30T15:51:57.383Z] GET /api/boards/my
[2025-12-30T15:51:57.594Z] GET /api/boards/my
[2025-12-30T15:51:57.782Z] GET /api/boards/my
[2025-12-30T15:51:58.001Z] GET /api/boards/my
[2025-12-30T15:51:58.207Z] GET /api/boards/my
[2025-12-30T15:51:58.404Z] GET /api/boards/my
[2025-12-30T15:51:58.615Z] GET /api/boards/my
[2025-12-30T15:51:58.828Z] GET /api/boards/my
[2025-12-30T15:51:59.037Z] GET /api/boards/my
[2025-12-30T15:51:59.234Z] GET /api/boards/my
[2025-12-30T15:51:59.446Z] GET /api/boards/my
[2025-12-30T15:51:59.662Z] GET /api/boards/my
[2025-12-30T15:51:59.861Z] GET /api/boards/my
[2025-12-30T15:52:00.072Z] GET /api/boards/my
[2025-12-30T15:52:00.289Z] GET /api/boards/my
[2025-12-30T15:52:00.467Z] GET /api/boards/my
[2025-12-30T15:52:00.688Z] GET /api/boards/my
[2025-12-30T15:52:00.873Z] GET /api/boards/my
[2025-12-30T15:52:01.085Z] GET /api/boards/my
[2025-12-30T15:52:01.285Z] GET /api/boards/my
[2025-12-30T15:52:01.492Z] GET /api/boards/my
[2025-12-30T15:52:01.696Z] GET /api/boards/my
[2025-12-30T15:52:01.895Z] GET /api/boards/my
[2025-12-30T15:52:02.101Z] OPTIONS /api/boards/my
[2025-12-30T15:52:02.104Z] GET /api/boards/my
[2025-12-30T15:52:02.297Z] GET /api/boards/my
[2025-12-30T15:52:02.512Z] GET /api/boards/my
[2025-12-30T15:52:02.729Z] GET /api/boards/my
[2025-12-30T15:52:02.928Z] GET /api/boards/my
[2025-12-30T15:52:03.143Z] GET /api/boards/my
[2025-12-30T15:52:03.337Z] GET /api/boards/my
[2025-12-30T15:52:03.545Z] GET /api/boards/my
[2025-12-30T15:52:03.761Z] GET /api/boards/my
[2025-12-30T15:52:03.949Z] GET /api/boards/my
[2025-12-30T15:52:04.157Z] GET /api/boards/my
[2025-12-30T15:52:04.363Z] GET /api/boards/my
[2025-12-30T15:52:04.571Z] GET /api/boards/my
[2025-12-30T15:52:04.784Z] GET /api/boards/my
[2025-12-30T15:52:04.980Z] GET /api/boards/my
[2025-12-30T15:52:05.203Z] GET /api/boards/my
[2025-12-30T15:52:05.400Z] GET /api/boards/my
[2025-12-30T15:52:05.608Z] GET /api/boards/my
[2025-12-30T15:52:05.820Z] GET /api/boards/my
[2025-12-30T15:52:06.024Z] GET /api/boards/my
[2025-12-30T15:52:06.236Z] GET /api/boards/my
[2025-12-30T15:52:06.430Z] GET /api/boards/my
[2025-12-30T15:52:06.646Z] GET /api/boards/my
[2025-12-30T15:52:06.849Z] GET /api/boards/my
[2025-12-30T15:52:07.039Z] GET /api/boards/my
[2025-12-30T15:52:07.248Z] OPTIONS /api/boards/my
[2025-12-30T15:52:07.251Z] GET /api/boards/my
[2025-12-30T15:52:07.460Z] GET /api/boards/my
[2025-12-30T15:52:07.678Z] GET /api/boards/my
[2025-12-30T15:52:07.881Z] GET /api/boards/my
[2025-12-30T15:52:08.077Z] GET /api/boards/my
[2025-12-30T15:52:08.296Z] GET /api/boards/my
[2025-12-30T15:52:08.502Z] GET /api/boards/my
[2025-12-30T15:52:08.711Z] GET /api/boards/my
[2025-12-30T15:52:08.918Z] GET /api/boards/my
[2025-12-30T15:52:09.114Z] GET /api/boards/my
[2025-12-30T15:52:09.332Z] GET /api/boards/my
[2025-12-30T15:52:09.567Z] GET /api/boards/my
[2025-12-30T15:52:09.756Z] GET /api/boards/my
[2025-12-30T15:52:09.962Z] GET /api/boards/my
[2025-12-30T15:52:10.172Z] GET /api/boards/my
[2025-12-30T15:52:10.362Z] GET /api/boards/my
[2025-12-30T15:52:10.571Z] GET /api/boards/my
[2025-12-30T15:52:10.793Z] GET /api/boards/my
[2025-12-30T15:52:11.013Z] GET /api/boards/my
[2025-12-30T15:52:11.196Z] GET /api/boards/my
[2025-12-30T15:52:11.405Z] GET /api/boards/my
[2025-12-30T15:52:11.620Z] GET /api/boards/my
[2025-12-30T15:52:11.813Z] GET /api/boards/my
[2025-12-30T15:52:12.037Z] GET /api/boards/my
[2025-12-30T15:52:12.231Z] GET /api/boards/my
[2025-12-30T15:52:12.449Z] OPTIONS /api/boards/my
[2025-12-30T15:52:12.451Z] GET /api/boards/my
[2025-12-30T15:52:12.648Z] GET /api/boards/my
[2025-12-30T15:52:12.863Z] GET /api/boards/my
[2025-12-30T15:52:13.082Z] GET /api/boards/my
[2025-12-30T15:52:13.266Z] GET /api/boards/my
[2025-12-30T15:52:13.466Z] GET /api/boards/my
[2025-12-30T15:52:13.670Z] GET /api/boards/my
[2025-12-30T15:52:13.880Z] GET /api/boards/my
[2025-12-30T15:52:14.103Z] GET /api/boards/my
[2025-12-30T15:52:14.292Z] GET /api/boards/my
[2025-12-30T15:52:14.510Z] GET /api/boards/my
[2025-12-30T15:52:14.705Z] GET /api/boards/my
[2025-12-30T15:52:14.905Z] GET /api/boards/my
[2025-12-30T15:52:15.275Z] GET /api/boards/my
[2025-12-30T15:52:15.425Z] GET /api/boards/my
[2025-12-30T15:52:15.634Z] GET /api/boards/my
[2025-12-30T15:52:15.843Z] GET /api/boards/my
[2025-12-30T15:52:16.063Z] GET /api/boards/my
[2025-12-30T15:52:16.260Z] GET /api/boards/my
[2025-12-30T15:52:16.473Z] GET /api/boards/my
[2025-12-30T15:52:16.679Z] GET /api/boards/my
[2025-12-30T15:52:16.936Z] GET /api/boards/my
[2025-12-30T15:52:17.094Z] GET /api/boards/my
[2025-12-30T15:52:17.299Z] GET /api/boards/my
[2025-12-30T15:52:17.520Z] OPTIONS /api/boards/my
[2025-12-30T15:52:17.523Z] GET /api/boards/my
[2025-12-30T15:52:17.736Z] GET /api/boards/my
[2025-12-30T15:52:17.925Z] GET /api/boards/my
[2025-12-30T15:52:18.144Z] GET /api/boards/my
[2025-12-30T15:52:18.332Z] GET /api/boards/my
[2025-12-30T15:52:18.545Z] GET /api/boards/my
[2025-12-30T15:52:18.769Z] GET /api/boards/my
[2025-12-30T15:52:18.950Z] GET /api/boards/my
[2025-12-30T15:52:19.169Z] GET /api/boards/my
[2025-12-30T15:52:19.366Z] GET /api/boards/my
[2025-12-30T15:52:19.579Z] GET /api/boards/my
[2025-12-30T15:52:19.793Z] GET /api/boards/my
[2025-12-30T15:52:19.984Z] GET /api/boards/my
[2025-12-30T15:52:20.187Z] GET /api/boards/my
[2025-12-30T15:52:20.396Z] GET /api/boards/my
[2025-12-30T15:52:20.610Z] GET /api/boards/my
[2025-12-30T15:52:20.833Z] GET /api/boards/my
[2025-12-30T15:52:21.029Z] GET /api/boards/my
[2025-12-30T15:52:21.235Z] GET /api/boards/my
[2025-12-30T15:52:21.424Z] GET /api/boards/my
[2025-12-30T15:52:21.639Z] GET /api/boards/my
[2025-12-30T15:52:21.865Z] GET /api/boards/my
[2025-12-30T15:52:22.053Z] GET /api/boards/my
[2025-12-30T15:52:22.265Z] GET /api/boards/my
[2025-12-30T15:52:22.462Z] GET /api/boards/my
[2025-12-30T15:52:22.679Z] OPTIONS /api/boards/my
[2025-12-30T15:52:22.682Z] GET /api/boards/my
[2025-12-30T15:52:22.902Z] GET /api/boards/my
[2025-12-30T15:52:23.078Z] GET /api/boards/my
[2025-12-30T15:52:23.284Z] GET /api/boards/my
[2025-12-30T15:52:23.489Z] GET /api/boards/my
[2025-12-30T15:52:23.714Z] GET /api/boards/my
[2025-12-30T15:52:23.926Z] GET /api/boards/my
[2025-12-30T15:52:24.112Z] GET /api/boards/my
[2025-12-30T15:52:24.327Z] GET /api/boards/my
[2025-12-30T15:52:24.530Z] GET /api/boards/my
[2025-12-30T15:52:24.728Z] GET /api/boards/my
[2025-12-30T15:52:24.964Z] GET /api/boards/my
[2025-12-30T15:52:25.152Z] GET /api/boards/my
[2025-12-30T15:52:25.354Z] GET /api/boards/my
[2025-12-30T15:52:25.558Z] GET /api/boards/my
[2025-12-30T15:52:25.766Z] GET /api/boards/my
[2025-12-30T15:52:25.975Z] GET /api/boards/my
[2025-12-30T15:52:26.181Z] GET /api/boards/my
[2025-12-30T15:52:26.387Z] GET /api/boards/my
[2025-12-30T15:52:26.588Z] GET /api/boards/my
[2025-12-30T15:52:26.806Z] GET /api/boards/my
[2025-12-30T15:52:27.019Z] GET /api/boards/my
[2025-12-30T15:52:27.220Z] GET /api/boards/my
[2025-12-30T15:52:27.422Z] GET /api/boards/my
[2025-12-30T15:52:27.628Z] GET /api/boards/my
[2025-12-30T15:52:27.844Z] OPTIONS /api/boards/my
[2025-12-30T15:52:27.847Z] GET /api/boards/my
[2025-12-30T15:52:28.037Z] GET /api/boards/my
[2025-12-30T15:52:28.262Z] GET /api/boards/my
[2025-12-30T15:52:28.445Z] GET /api/boards/my
[2025-12-30T15:52:28.658Z] GET /api/boards/my
[2025-12-30T15:52:28.875Z] GET /api/boards/my
[2025-12-30T15:52:29.061Z] GET /api/boards/my
[2025-12-30T15:52:29.266Z] GET /api/boards/my
[2025-12-30T15:52:29.495Z] GET /api/boards/my
[2025-12-30T15:52:29.706Z] GET /api/boards/my
[2025-12-30T15:52:29.884Z] GET /api/boards/my
[2025-12-30T15:52:38.265Z] OPTIONS /api/boards/my
[2025-12-30T15:52:38.292Z] GET /api/boards/my
[2025-12-30T15:52:38.493Z] GET /api/boards/my
[2025-12-30T15:52:38.704Z] GET /api/boards/my
[2025-12-30T15:52:38.904Z] GET /api/boards/my
[2025-12-30T15:52:39.123Z] GET /api/boards/my
[2025-12-30T15:52:39.322Z] GET /api/boards/my
[2025-12-30T15:52:39.537Z] GET /api/boards/my
[2025-12-30T15:52:39.744Z] GET /api/boards/my
[2025-12-30T15:52:39.990Z] GET /api/boards/my
[2025-12-30T15:52:40.144Z] GET /api/boards/my
[2025-12-30T15:52:40.356Z] GET /api/boards/my
[2025-12-30T15:52:40.562Z] GET /api/boards/my
[2025-12-30T15:52:40.767Z] GET /api/boards/my
[2025-12-30T15:52:40.979Z] GET /api/boards/my
[2025-12-30T15:52:41.194Z] GET /api/boards/my
[2025-12-30T15:52:41.401Z] GET /api/boards/my
[2025-12-30T15:52:41.603Z] GET /api/boards/my
[2025-12-30T15:52:41.813Z] GET /api/boards/my
[2025-12-30T15:52:42.013Z] GET /api/boards/my
[2025-12-30T15:53:21.328Z] OPTIONS /api/boards/my
[2025-12-30T15:53:21.333Z] GET /api/boards/my
[2025-12-30T15:53:21.535Z] GET /api/boards/my
[2025-12-30T15:53:21.745Z] GET /api/boards/my
[2025-12-30T15:53:21.955Z] GET /api/boards/my
[2025-12-30T15:53:22.211Z] GET /api/boards/my
[2025-12-30T15:53:22.378Z] GET /api/boards/my
[2025-12-30T15:53:22.594Z] GET /api/boards/my
[2025-12-30T15:53:22.905Z] GET /api/boards/my
[2025-12-30T15:53:23.121Z] GET /api/boards/my
[2025-12-30T15:53:23.321Z] GET /api/boards/my
[2025-12-30T15:53:23.537Z] GET /api/boards/my
[2025-12-30T15:53:23.748Z] GET /api/boards/my
[2025-12-30T15:53:23.946Z] GET /api/boards/my
[2025-12-30T15:53:24.152Z] GET /api/boards/my
[2025-12-30T15:53:24.365Z] GET /api/boards/my
[2025-12-30T15:53:24.561Z] GET /api/boards/my
[2025-12-30T15:53:24.753Z] GET /api/boards/my
[2025-12-30T15:53:24.971Z] GET /api/boards/my
[2025-12-30T15:53:25.177Z] GET /api/boards/my
[2025-12-30T15:53:25.385Z] GET /api/boards/my
[2025-12-30T15:53:25.588Z] GET /api/boards/my
[2025-12-30T15:53:25.795Z] GET /api/boards/my
[2025-12-30T15:53:26.001Z] GET /api/boards/my
[2025-12-30T15:53:26.200Z] GET /api/boards/my
[2025-12-30T15:53:26.419Z] OPTIONS /api/boards/my
[2025-12-30T15:53:26.421Z] GET /api/boards/my
[2025-12-30T15:53:26.628Z] GET /api/boards/my
[2025-12-30T15:53:26.837Z] GET /api/boards/my
[2025-12-30T15:53:27.046Z] GET /api/boards/my
[2025-12-30T15:53:27.243Z] GET /api/boards/my
[2025-12-30T15:53:27.477Z] GET /api/boards/my
[2025-12-30T15:53:27.655Z] GET /api/boards/my
[2025-12-30T15:53:27.853Z] GET /api/boards/my
[2025-12-30T15:53:28.067Z] GET /api/boards/my
[2025-12-30T15:53:28.282Z] GET /api/boards/my
[2025-12-30T15:53:28.500Z] GET /api/boards/my
[2025-12-30T15:53:28.695Z] GET /api/boards/my
[2025-12-30T15:53:28.912Z] GET /api/boards/my
[2025-12-30T15:53:29.103Z] GET /api/boards/my
[2025-12-30T15:53:29.317Z] GET /api/boards/my
[2025-12-30T15:53:29.519Z] GET /api/boards/my
[2025-12-30T15:53:29.731Z] GET /api/boards/my
[2025-12-30T15:53:29.932Z] GET /api/boards/my
[2025-12-30T15:53:30.144Z] GET /api/boards/my
[2025-12-30T15:53:30.362Z] GET /api/boards/my
[2025-12-30T15:53:30.584Z] GET /api/boards/my
[2025-12-30T15:53:30.766Z] GET /api/boards/my
[2025-12-30T15:53:30.988Z] GET /api/boards/my
[2025-12-30T15:53:31.174Z] GET /api/boards/my
[2025-12-30T15:53:31.385Z] GET /api/boards/my
[2025-12-30T15:53:31.606Z] OPTIONS /api/boards/my
[2025-12-30T15:53:31.610Z] GET /api/boards/my
[2025-12-30T15:53:31.801Z] GET /api/boards/my
[2025-12-30T15:53:32.010Z] GET /api/boards/my
[2025-12-30T15:53:32.224Z] GET /api/boards/my
[2025-12-30T15:53:32.431Z] GET /api/boards/my
[2025-12-30T15:53:32.623Z] GET /api/boards/my
[2025-12-30T15:53:32.823Z] GET /api/boards/my
[2025-12-30T15:53:33.038Z] GET /api/boards/my
[2025-12-30T15:53:33.253Z] GET /api/boards/my
[2025-12-30T15:53:33.467Z] GET /api/boards/my
[2025-12-30T15:53:33.662Z] GET /api/boards/my
[2025-12-30T15:53:33.878Z] GET /api/boards/my
[2025-12-30T15:53:34.073Z] GET /api/boards/my
[2025-12-30T15:53:34.271Z] GET /api/boards/my
[2025-12-30T15:53:34.496Z] GET /api/boards/my
[2025-12-30T15:53:34.692Z] GET /api/boards/my
[2025-12-30T15:53:34.911Z] GET /api/boards/my
[2025-12-30T15:53:35.113Z] GET /api/boards/my
[2025-12-30T15:53:35.313Z] GET /api/boards/my
[2025-12-30T15:53:35.523Z] GET /api/boards/my
[2025-12-30T15:53:35.715Z] GET /api/boards/my
[2025-12-30T15:53:35.927Z] GET /api/boards/my
[2025-12-30T15:53:36.123Z] GET /api/boards/my
[2025-12-30T15:53:36.338Z] GET /api/boards/my
[2025-12-30T15:53:36.556Z] GET /api/boards/my
[2025-12-30T15:53:36.758Z] OPTIONS /api/boards/my
[2025-12-30T15:53:36.763Z] GET /api/boards/my
[2025-12-30T15:53:36.964Z] GET /api/boards/my
[2025-12-30T15:53:37.159Z] GET /api/boards/my
[2025-12-30T15:53:37.372Z] GET /api/boards/my
[2025-12-30T15:53:37.580Z] GET /api/boards/my
[2025-12-30T15:53:37.785Z] GET /api/boards/my
[2025-12-30T15:53:37.999Z] GET /api/boards/my
[2025-12-30T15:53:38.207Z] GET /api/boards/my
[2025-12-30T15:53:38.417Z] GET /api/boards/my
[2025-12-30T15:53:38.628Z] GET /api/boards/my
[2025-12-30T15:53:38.812Z] GET /api/boards/my
[2025-12-30T15:53:39.035Z] GET /api/boards/my
[2025-12-30T15:53:39.243Z] GET /api/boards/my
[2025-12-30T15:53:39.446Z] GET /api/boards/my
[2025-12-30T15:53:39.659Z] GET /api/boards/my
[2025-12-30T15:53:39.849Z] GET /api/boards/my
[2025-12-30T15:53:40.061Z] GET /api/boards/my
[2025-12-30T15:53:40.276Z] GET /api/boards/my
[2025-12-30T15:53:40.483Z] GET /api/boards/my
[2025-12-30T15:53:40.695Z] GET /api/boards/my
[2025-12-30T15:53:40.905Z] GET /api/boards/my
[2025-12-30T15:53:41.113Z] GET /api/boards/my
[2025-12-30T15:53:41.343Z] GET /api/boards/my
[2025-12-30T15:53:41.533Z] GET /api/boards/my
[2025-12-30T15:53:41.742Z] GET /api/boards/my
[2025-12-30T15:53:41.928Z] OPTIONS /api/boards/my
[2025-12-30T15:53:41.930Z] GET /api/boards/my
[2025-12-30T15:53:42.146Z] GET /api/boards/my
[2025-12-30T15:53:42.378Z] GET /api/boards/my
[2025-12-30T15:53:42.564Z] GET /api/boards/my
[2025-12-30T15:53:42.773Z] GET /api/boards/my
[2025-12-30T15:53:42.978Z] GET /api/boards/my
[2025-12-30T15:53:43.179Z] GET /api/boards/my
[2025-12-30T15:53:43.402Z] GET /api/boards/my
[2025-12-30T15:53:43.595Z] GET /api/boards/my
[2025-12-30T15:53:43.816Z] GET /api/boards/my
[2025-12-30T15:53:44.050Z] GET /api/boards/my
[2025-12-30T15:53:44.224Z] GET /api/boards/my
[2025-12-30T15:53:44.424Z] GET /api/boards/my
[2025-12-30T15:53:44.629Z] GET /api/boards/my
[2025-12-30T15:53:44.848Z] GET /api/boards/my
[2025-12-30T15:53:45.044Z] GET /api/boards/my
[2025-12-30T15:53:45.252Z] GET /api/boards/my
[2025-12-30T15:53:45.462Z] GET /api/boards/my
[2025-12-30T15:53:45.681Z] GET /api/boards/my
[2025-12-30T15:53:45.887Z] GET /api/boards/my
[2025-12-30T15:53:46.084Z] GET /api/boards/my
[2025-12-30T15:53:46.299Z] GET /api/boards/my
[2025-12-30T15:53:46.495Z] GET /api/boards/my
[2025-12-30T15:53:46.699Z] GET /api/boards/my
[2025-12-30T15:53:46.910Z] GET /api/boards/my
[2025-12-30T15:53:47.115Z] OPTIONS /api/boards/my
[2025-12-30T15:53:47.118Z] GET /api/boards/my
[2025-12-30T15:53:47.321Z] GET /api/boards/my
[2025-12-30T15:53:47.528Z] GET /api/boards/my
[2025-12-30T15:53:47.746Z] GET /api/boards/my
[2025-12-30T15:53:47.946Z] GET /api/boards/my
[2025-12-30T15:53:48.148Z] GET /api/boards/my
[2025-12-30T15:53:48.347Z] GET /api/boards/my
[2025-12-30T15:53:48.563Z] GET /api/boards/my
[2025-12-30T15:53:48.780Z] GET /api/boards/my
[2025-12-30T15:53:48.978Z] GET /api/boards/my
[2025-12-30T15:53:49.184Z] GET /api/boards/my
[2025-12-30T15:53:49.395Z] GET /api/boards/my
[2025-12-30T15:53:49.596Z] GET /api/boards/my
[2025-12-30T15:53:49.802Z] GET /api/boards/my
[2025-12-30T15:53:50.008Z] GET /api/boards/my
[2025-12-30T15:53:50.218Z] GET /api/boards/my
[2025-12-30T15:53:50.433Z] GET /api/boards/my
[2025-12-30T15:53:50.628Z] GET /api/boards/my
[2025-12-30T15:53:50.844Z] GET /api/boards/my
[2025-12-30T15:53:51.050Z] GET /api/boards/my
[2025-12-30T15:53:51.245Z] GET /api/boards/my
[2025-12-30T15:53:51.454Z] GET /api/boards/my
[2025-12-30T15:53:51.661Z] GET /api/boards/my
[2025-12-30T15:53:51.876Z] GET /api/boards/my
[2025-12-30T15:53:52.079Z] GET /api/boards/my
[2025-12-30T15:53:52.292Z] OPTIONS /api/boards/my
[2025-12-30T15:53:52.295Z] GET /api/boards/my
[2025-12-30T15:53:52.495Z] GET /api/boards/my
[2025-12-30T15:53:52.688Z] GET /api/boards/my
[2025-12-30T15:53:52.908Z] GET /api/boards/my
[2025-12-30T15:53:53.100Z] GET /api/boards/my
[2025-12-30T15:53:53.311Z] GET /api/boards/my
[2025-12-30T15:53:53.525Z] GET /api/boards/my
[2025-12-30T15:53:53.725Z] GET /api/boards/my
[2025-12-30T15:53:53.934Z] GET /api/boards/my
[2025-12-30T15:53:54.162Z] GET /api/boards/my
[2025-12-30T15:53:54.340Z] GET /api/boards/my
[2025-12-30T15:53:54.559Z] GET /api/boards/my
[2025-12-30T15:53:54.746Z] GET /api/boards/my
[2025-12-30T15:53:54.953Z] GET /api/boards/my
[2025-12-30T15:53:55.173Z] GET /api/boards/my
[2025-12-30T15:53:55.369Z] GET /api/boards/my
[2025-12-30T15:53:55.582Z] GET /api/boards/my
[2025-12-30T15:53:55.778Z] GET /api/boards/my
[2025-12-30T15:53:55.993Z] GET /api/boards/my
[2025-12-30T15:53:56.204Z] GET /api/boards/my
[2025-12-30T15:53:56.386Z] GET /api/boards/my
[2025-12-30T15:53:56.586Z] GET /api/boards/my
[2025-12-30T15:53:56.797Z] GET /api/boards/my
[2025-12-30T15:53:57.008Z] GET /api/boards/my
[2025-12-30T15:53:57.207Z] GET /api/boards/my
[2025-12-30T15:53:57.417Z] OPTIONS /api/boards/my
[2025-12-30T15:53:57.420Z] GET /api/boards/my
[2025-12-30T15:53:57.628Z] GET /api/boards/my
[2025-12-30T15:53:57.829Z] GET /api/boards/my
[2025-12-30T15:53:58.030Z] GET /api/boards/my
[2025-12-30T15:53:58.266Z] GET /api/boards/my
[2025-12-30T15:53:58.458Z] GET /api/boards/my
[2025-12-30T15:53:58.671Z] GET /api/boards/my
[2025-12-30T15:53:58.868Z] GET /api/boards/my
[2025-12-30T15:53:59.079Z] GET /api/boards/my
[2025-12-30T15:53:59.304Z] GET /api/boards/my
[2025-12-30T15:53:59.492Z] GET /api/boards/my
[2025-12-30T15:53:59.689Z] GET /api/boards/my
[2025-12-30T15:53:59.896Z] GET /api/boards/my
[2025-12-30T15:54:00.107Z] GET /api/boards/my
[2025-12-30T15:54:00.334Z] GET /api/boards/my
[2025-12-30T15:54:00.522Z] GET /api/boards/my
[2025-12-30T15:54:00.746Z] GET /api/boards/my
[2025-12-30T15:54:00.941Z] GET /api/boards/my
[2025-12-30T15:54:01.138Z] GET /api/boards/my
[2025-12-30T15:54:01.355Z] GET /api/boards/my
[2025-12-30T15:54:01.564Z] GET /api/boards/my
[2025-12-30T15:54:01.761Z] GET /api/boards/my
[2025-12-30T15:54:01.984Z] GET /api/boards/my
[2025-12-30T15:54:02.187Z] GET /api/boards/my
[2025-12-30T15:54:02.398Z] GET /api/boards/my
[2025-12-30T15:54:02.594Z] OPTIONS /api/boards/my
[2025-12-30T15:54:02.598Z] GET /api/boards/my
[2025-12-30T15:54:02.783Z] GET /api/boards/my
[2025-12-30T15:54:03.007Z] GET /api/boards/my
[2025-12-30T15:54:03.192Z] GET /api/boards/my
[2025-12-30T15:54:03.436Z] GET /api/boards/my
[2025-12-30T15:54:03.685Z] GET /api/boards/my
[2025-12-30T15:54:03.844Z] GET /api/boards/my
[2025-12-30T15:54:04.068Z] GET /api/boards/my
[2025-12-30T15:54:04.253Z] GET /api/boards/my
[2025-12-30T15:54:04.446Z] GET /api/boards/my
[2025-12-30T15:54:04.672Z] GET /api/boards/my
[2025-12-30T15:54:04.884Z] GET /api/boards/my
[2025-12-30T15:54:05.080Z] GET /api/boards/my
[2025-12-30T15:54:05.293Z] GET /api/boards/my
[2025-12-30T15:54:05.493Z] GET /api/boards/my
[2025-12-30T15:54:05.702Z] GET /api/boards/my
[2025-12-30T15:54:05.902Z] GET /api/boards/my
[2025-12-30T15:54:06.116Z] GET /api/boards/my
[2025-12-30T15:54:06.349Z] GET /api/boards/my
[2025-12-30T15:54:06.545Z] GET /api/boards/my
[2025-12-30T15:54:06.750Z] GET /api/boards/my
[2025-12-30T15:54:06.955Z] GET /api/boards/my
[2025-12-30T15:54:07.144Z] GET /api/boards/my
[2025-12-30T15:54:07.494Z] GET /api/boards/my
[2025-12-30T15:54:07.667Z] OPTIONS /api/boards/my
[2025-12-30T15:54:07.669Z] GET /api/boards/my
[2025-12-30T15:54:07.904Z] GET /api/boards/my
[2025-12-30T15:54:08.072Z] GET /api/boards/my
[2025-12-30T15:54:08.283Z] GET /api/boards/my
[2025-12-30T15:54:08.408Z] GET /api/boards/my
[2025-12-30T15:54:08.584Z] GET /api/boards/my
[2025-12-30T15:54:08.790Z] GET /api/boards/my
[2025-12-30T15:54:08.997Z] GET /api/boards/my
[2025-12-30T15:54:09.199Z] GET /api/boards/my
[2025-12-30T15:54:09.412Z] GET /api/boards/my
[2025-12-30T15:54:09.599Z] GET /api/boards/my
[2025-12-30T15:54:09.811Z] GET /api/boards/my
[2025-12-30T15:54:10.038Z] GET /api/boards/my
[2025-12-30T15:54:10.227Z] GET /api/boards/my
[2025-12-30T15:54:10.436Z] GET /api/boards/my
[2025-12-30T15:54:10.631Z] GET /api/boards/my
[2025-12-30T15:54:10.831Z] GET /api/boards/my
[2025-12-30T15:54:11.048Z] GET /api/boards/my
[2025-12-30T15:54:11.253Z] GET /api/boards/my
[2025-12-30T15:54:11.477Z] GET /api/boards/my
[2025-12-30T15:54:11.667Z] GET /api/boards/my
[2025-12-30T15:54:11.878Z] GET /api/boards/my
[2025-12-30T15:54:12.089Z] GET /api/boards/my
[2025-12-30T15:54:12.302Z] GET /api/boards/my
[2025-12-30T15:54:12.512Z] GET /api/boards/my
[2025-12-30T15:54:12.704Z] OPTIONS /api/boards/my
[2025-12-30T15:54:12.707Z] GET /api/boards/my
[2025-12-30T15:54:12.952Z] GET /api/boards/my
[2025-12-30T15:54:13.120Z] GET /api/boards/my
[2025-12-30T15:54:13.338Z] GET /api/boards/my
[2025-12-30T15:54:13.546Z] GET /api/boards/my
[2025-12-30T15:54:13.740Z] GET /api/boards/my
[2025-12-30T15:54:13.946Z] GET /api/boards/my
[2025-12-30T15:54:14.164Z] GET /api/boards/my
[2025-12-30T15:54:14.373Z] GET /api/boards/my
[2025-12-30T15:54:14.575Z] GET /api/boards/my
[2025-12-30T15:54:14.773Z] GET /api/boards/my
[2025-12-30T15:54:14.984Z] GET /api/boards/my
[2025-12-30T15:54:15.269Z] GET /api/boards/my
[2025-12-30T15:54:15.427Z] GET /api/boards/my
[2025-12-30T15:54:15.613Z] GET /api/boards/my
[2025-12-30T15:54:15.824Z] GET /api/boards/my
[2025-12-30T15:54:16.036Z] GET /api/boards/my
[2025-12-30T15:54:16.231Z] GET /api/boards/my
[2025-12-30T15:54:16.436Z] GET /api/boards/my
[2025-12-30T15:54:16.651Z] GET /api/boards/my
[2025-12-30T15:54:16.847Z] GET /api/boards/my
[2025-12-30T15:54:17.052Z] GET /api/boards/my
[2025-12-30T15:54:17.263Z] GET /api/boards/my
[2025-12-30T15:54:17.468Z] GET /api/boards/my
[2025-12-30T15:54:17.670Z] GET /api/boards/my
[2025-12-30T15:54:17.862Z] OPTIONS /api/boards/my
[2025-12-30T15:54:17.866Z] GET /api/boards/my
[2025-12-30T15:54:18.069Z] GET /api/boards/my
[2025-12-30T15:54:18.277Z] GET /api/boards/my
[2025-12-30T15:54:18.497Z] GET /api/boards/my
[2025-12-30T15:54:18.754Z] GET /api/boards/my
[2025-12-30T15:54:18.933Z] GET /api/boards/my
[2025-12-30T15:54:19.103Z] GET /api/boards/my
[2025-12-30T15:54:19.355Z] GET /api/boards/my
[2025-12-30T15:54:19.514Z] GET /api/boards/my
[2025-12-30T15:54:19.729Z] GET /api/boards/my
[2025-12-30T15:54:19.941Z] GET /api/boards/my
[2025-12-30T15:54:20.136Z] GET /api/boards/my
[2025-12-30T15:54:20.349Z] GET /api/boards/my
[2025-12-30T15:54:20.551Z] GET /api/boards/my
[2025-12-30T15:54:20.754Z] GET /api/boards/my
[2025-12-30T15:54:20.963Z] GET /api/boards/my
[2025-12-30T15:54:21.167Z] GET /api/boards/my
[2025-12-30T15:54:21.376Z] GET /api/boards/my
[2025-12-30T15:54:21.589Z] GET /api/boards/my
[2025-12-30T15:54:21.796Z] GET /api/boards/my
[2025-12-30T15:54:22.016Z] GET /api/boards/my
[2025-12-30T15:54:22.231Z] GET /api/boards/my
[2025-12-30T15:54:22.421Z] GET /api/boards/my
[2025-12-30T15:54:22.642Z] GET /api/boards/my
[2025-12-30T15:54:22.846Z] GET /api/boards/my
[2025-12-30T15:54:23.028Z] OPTIONS /api/boards/my
[2025-12-30T15:54:23.032Z] GET /api/boards/my
[2025-12-30T15:54:23.237Z] GET /api/boards/my
[2025-12-30T15:54:23.447Z] GET /api/boards/my
[2025-12-30T15:54:23.675Z] GET /api/boards/my
[2025-12-30T15:54:23.852Z] GET /api/boards/my
[2025-12-30T15:54:24.068Z] GET /api/boards/my
[2025-12-30T15:54:24.282Z] GET /api/boards/my
[2025-12-30T15:54:24.491Z] GET /api/boards/my
[2025-12-30T15:54:24.686Z] GET /api/boards/my
[2025-12-30T15:54:24.912Z] GET /api/boards/my
[2025-12-30T15:54:25.119Z] GET /api/boards/my
[2025-12-30T15:54:25.324Z] GET /api/boards/my
[2025-12-30T15:54:25.527Z] GET /api/boards/my
[2025-12-30T15:54:25.745Z] GET /api/boards/my
[2025-12-30T15:54:25.962Z] GET /api/boards/my
[2025-12-30T15:54:26.141Z] GET /api/boards/my
[2025-12-30T15:54:26.364Z] GET /api/boards/my
[2025-12-30T15:54:26.543Z] GET /api/boards/my
[2025-12-30T15:54:26.762Z] GET /api/boards/my
[2025-12-30T15:54:26.966Z] GET /api/boards/my
[2025-12-30T15:54:27.174Z] GET /api/boards/my
[2025-12-30T15:54:27.383Z] GET /api/boards/my
[2025-12-30T15:54:27.592Z] GET /api/boards/my
[2025-12-30T15:54:27.806Z] GET /api/boards/my
[2025-12-30T15:54:28.021Z] GET /api/boards/my
[2025-12-30T15:54:28.194Z] OPTIONS /api/boards/my
[2025-12-30T15:54:28.196Z] GET /api/boards/my
[2025-12-30T15:54:28.423Z] GET /api/boards/my
[2025-12-30T15:54:28.633Z] GET /api/boards/my
[2025-12-30T15:54:28.839Z] GET /api/boards/my
[2025-12-30T15:54:29.068Z] GET /api/boards/my
[2025-12-30T15:54:29.252Z] GET /api/boards/my
[2025-12-30T15:54:29.476Z] GET /api/boards/my
[2025-12-30T15:54:29.659Z] GET /api/boards/my
[2025-12-30T15:54:29.870Z] GET /api/boards/my
[2025-12-30T15:54:30.079Z] GET /api/boards/my
[2025-12-30T15:54:30.284Z] GET /api/boards/my
[2025-12-30T15:54:30.497Z] GET /api/boards/my
[2025-12-30T15:54:30.694Z] GET /api/boards/my
[2025-12-30T15:54:30.911Z] GET /api/boards/my
[2025-12-30T15:54:31.134Z] GET /api/boards/my
[2025-12-30T15:54:31.327Z] GET /api/boards/my
[2025-12-30T15:54:31.542Z] GET /api/boards/my
[2025-12-30T15:54:31.743Z] GET /api/boards/my
[2025-12-30T15:54:31.936Z] GET /api/boards/my
[2025-12-30T15:54:32.166Z] GET /api/boards/my
[2025-12-30T15:54:32.367Z] GET /api/boards/my
[2025-12-30T15:54:32.578Z] GET /api/boards/my
[2025-12-30T15:54:32.780Z] GET /api/boards/my
[2025-12-30T15:54:32.992Z] GET /api/boards/my
[2025-12-30T15:54:33.211Z] OPTIONS /api/boards/my
[2025-12-30T15:54:33.213Z] GET /api/boards/my
[2025-12-30T15:54:33.404Z] GET /api/boards/my
[2025-12-30T15:54:33.597Z] GET /api/boards/my
[2025-12-30T15:54:33.810Z] GET /api/boards/my
[2025-12-30T15:54:34.033Z] GET /api/boards/my
[2025-12-30T15:54:34.246Z] GET /api/boards/my
[2025-12-30T15:54:34.428Z] GET /api/boards/my
[2025-12-30T15:54:34.643Z] GET /api/boards/my
[2025-12-30T15:54:34.849Z] GET /api/boards/my
[2025-12-30T15:54:35.054Z] GET /api/boards/my
[2025-12-30T15:54:35.302Z] GET /api/boards/my
[2025-12-30T15:54:35.454Z] GET /api/boards/my
[2025-12-30T15:54:35.669Z] GET /api/boards/my
[2025-12-30T15:54:35.876Z] GET /api/boards/my
[2025-12-30T15:54:36.088Z] GET /api/boards/my
[2025-12-30T15:54:36.325Z] GET /api/boards/my
[2025-12-30T15:54:36.509Z] GET /api/boards/my
[2025-12-30T15:54:36.719Z] GET /api/boards/my
[2025-12-30T15:54:36.916Z] GET /api/boards/my
[2025-12-30T15:54:37.117Z] GET /api/boards/my
[2025-12-30T15:54:37.320Z] GET /api/boards/my
[2025-12-30T15:54:37.519Z] GET /api/boards/my
[2025-12-30T15:54:37.742Z] GET /api/boards/my
[2025-12-30T15:54:37.946Z] GET /api/boards/my
[2025-12-30T15:54:38.156Z] GET /api/boards/my
[2025-12-30T15:54:38.370Z] OPTIONS /api/boards/my
[2025-12-30T15:54:38.373Z] GET /api/boards/my
[2025-12-30T15:54:38.559Z] GET /api/boards/my
[2025-12-30T15:54:38.773Z] GET /api/boards/my
[2025-12-30T15:54:38.955Z] GET /api/boards/my
[2025-12-30T15:54:39.182Z] GET /api/boards/my
[2025-12-30T15:54:39.395Z] GET /api/boards/my
[2025-12-30T15:54:39.593Z] GET /api/boards/my
[2025-12-30T15:54:39.799Z] GET /api/boards/my
[2025-12-30T15:54:39.993Z] GET /api/boards/my
[2025-12-30T15:54:40.221Z] GET /api/boards/my
[2025-12-30T15:54:40.441Z] GET /api/boards/my
[2025-12-30T15:54:40.615Z] GET /api/boards/my
[2025-12-30T15:54:40.834Z] GET /api/boards/my
[2025-12-30T15:54:41.037Z] GET /api/boards/my
[2025-12-30T15:54:41.249Z] GET /api/boards/my
[2025-12-30T15:54:41.464Z] GET /api/boards/my
[2025-12-30T15:54:41.670Z] GET /api/boards/my
[2025-12-30T15:54:41.869Z] GET /api/boards/my
[2025-12-30T15:54:42.065Z] GET /api/boards/my
[2025-12-30T15:54:42.277Z] GET /api/boards/my
[2025-12-30T15:54:42.476Z] GET /api/boards/my
[2025-12-30T15:54:42.685Z] GET /api/boards/my
[2025-12-30T15:54:42.900Z] GET /api/boards/my
[2025-12-30T15:54:43.090Z] GET /api/boards/my
[2025-12-30T15:54:43.304Z] GET /api/boards/my
[2025-12-30T15:54:43.527Z] OPTIONS /api/boards/my
[2025-12-30T15:54:43.536Z] GET /api/boards/my
[2025-12-30T15:54:43.726Z] GET /api/boards/my
[2025-12-30T15:54:43.920Z] GET /api/boards/my
[2025-12-30T15:54:44.112Z] GET /api/boards/my
[2025-12-30T15:54:44.342Z] GET /api/boards/my
[2025-12-30T15:54:44.558Z] GET /api/boards/my
[2025-12-30T15:54:44.752Z] GET /api/boards/my
[2025-12-30T15:54:44.959Z] GET /api/boards/my
[2025-12-30T15:54:45.154Z] GET /api/boards/my
[2025-12-30T15:54:45.376Z] GET /api/boards/my
[2025-12-30T15:54:45.591Z] GET /api/boards/my
[2025-12-30T15:54:45.756Z] GET /api/boards/my
[2025-12-30T15:54:45.976Z] GET /api/boards/my
[2025-12-30T15:54:46.186Z] GET /api/boards/my
[2025-12-30T15:54:46.399Z] GET /api/boards/my
[2025-12-30T15:54:46.615Z] GET /api/boards/my
[2025-12-30T15:54:46.816Z] GET /api/boards/my
[2025-12-30T15:54:47.019Z] GET /api/boards/my
[2025-12-30T15:54:47.225Z] GET /api/boards/my
[2025-12-30T15:54:47.420Z] GET /api/boards/my
[2025-12-30T15:54:47.641Z] GET /api/boards/my
[2025-12-30T15:54:47.843Z] GET /api/boards/my
[2025-12-30T15:54:48.051Z] GET /api/boards/my
[2025-12-30T15:54:48.251Z] GET /api/boards/my
[2025-12-30T15:54:48.464Z] GET /api/boards/my
[2025-12-30T15:54:48.680Z] OPTIONS /api/boards/my
[2025-12-30T15:54:48.682Z] GET /api/boards/my
[2025-12-30T15:54:48.861Z] GET /api/boards/my
[2025-12-30T15:54:49.091Z] GET /api/boards/my
[2025-12-30T15:54:49.269Z] GET /api/boards/my
[2025-12-30T15:54:49.490Z] GET /api/boards/my
[2025-12-30T15:54:49.718Z] GET /api/boards/my
[2025-12-30T15:54:49.885Z] GET /api/boards/my
[2025-12-30T15:54:50.106Z] GET /api/boards/my
[2025-12-30T15:54:50.320Z] GET /api/boards/my
[2025-12-30T15:54:50.518Z] GET /api/boards/my
[2025-12-30T15:54:50.737Z] GET /api/boards/my
[2025-12-30T15:54:50.918Z] GET /api/boards/my
[2025-12-30T15:54:51.141Z] GET /api/boards/my
[2025-12-30T15:54:51.343Z] GET /api/boards/my
[2025-12-30T15:54:51.565Z] GET /api/boards/my
[2025-12-30T15:54:51.782Z] GET /api/boards/my
[2025-12-30T15:54:51.978Z] GET /api/boards/my
[2025-12-30T15:54:52.193Z] GET /api/boards/my
[2025-12-30T15:54:52.399Z] GET /api/boards/my
[2025-12-30T15:54:52.598Z] GET /api/boards/my
[2025-12-30T15:54:52.809Z] GET /api/boards/my
[2025-12-30T15:54:53.013Z] GET /api/boards/my
[2025-12-30T15:54:53.227Z] GET /api/boards/my
[2025-12-30T15:54:53.432Z] GET /api/boards/my
[2025-12-30T15:54:53.651Z] GET /api/boards/my
[2025-12-30T15:54:53.862Z] OPTIONS /api/boards/my
[2025-12-30T15:54:53.865Z] GET /api/boards/my
[2025-12-30T15:54:54.062Z] GET /api/boards/my
[2025-12-30T15:54:54.260Z] GET /api/boards/my
[2025-12-30T15:54:54.486Z] GET /api/boards/my
[2025-12-30T15:54:54.696Z] GET /api/boards/my
[2025-12-30T15:54:54.887Z] GET /api/boards/my
[2025-12-30T15:54:55.098Z] GET /api/boards/my
[2025-12-30T15:54:55.302Z] GET /api/boards/my
[2025-12-30T15:54:55.525Z] GET /api/boards/my
[2025-12-30T15:54:55.732Z] GET /api/boards/my
[2025-12-30T15:54:55.920Z] GET /api/boards/my
[2025-12-30T15:54:56.142Z] GET /api/boards/my
[2025-12-30T15:54:56.338Z] GET /api/boards/my
[2025-12-30T15:54:56.551Z] GET /api/boards/my
[2025-12-30T15:54:56.763Z] GET /api/boards/my
[2025-12-30T15:54:56.974Z] GET /api/boards/my
[2025-12-30T15:54:57.184Z] GET /api/boards/my
[2025-12-30T15:54:57.385Z] GET /api/boards/my
[2025-12-30T15:54:57.576Z] GET /api/boards/my
[2025-12-30T15:54:57.775Z] GET /api/boards/my
[2025-12-30T15:54:58.009Z] GET /api/boards/my
[2025-12-30T15:54:58.193Z] GET /api/boards/my
[2025-12-30T15:54:58.411Z] GET /api/boards/my
[2025-12-30T15:54:58.620Z] GET /api/boards/my
[2025-12-30T15:54:58.822Z] GET /api/boards/my
[2025-12-30T15:54:59.043Z] OPTIONS /api/boards/my
[2025-12-30T15:54:59.046Z] GET /api/boards/my
[2025-12-30T15:54:59.234Z] GET /api/boards/my
[2025-12-30T15:54:59.455Z] GET /api/boards/my
[2025-12-30T15:54:59.628Z] GET /api/boards/my
[2025-12-30T15:54:59.844Z] GET /api/boards/my
[2025-12-30T15:55:00.061Z] GET /api/boards/my
[2025-12-30T15:55:00.259Z] GET /api/boards/my
[2025-12-30T15:55:00.473Z] GET /api/boards/my
[2025-12-30T15:55:00.672Z] GET /api/boards/my
[2025-12-30T15:55:00.891Z] GET /api/boards/my
[2025-12-30T15:55:01.110Z] GET /api/boards/my
[2025-12-30T15:55:01.293Z] GET /api/boards/my
[2025-12-30T15:55:01.493Z] GET /api/boards/my
[2025-12-30T15:55:01.704Z] GET /api/boards/my
[2025-12-30T15:55:01.912Z] GET /api/boards/my
[2025-12-30T15:55:02.128Z] GET /api/boards/my
[2025-12-30T15:55:02.322Z] GET /api/boards/my
[2025-12-30T15:55:02.538Z] GET /api/boards/my
[2025-12-30T15:55:02.729Z] GET /api/boards/my
[2025-12-30T15:55:02.956Z] GET /api/boards/my
[2025-12-30T15:55:03.145Z] GET /api/boards/my
[2025-12-30T15:55:03.355Z] GET /api/boards/my
[2025-12-30T15:55:03.572Z] GET /api/boards/my
[2025-12-30T15:55:03.769Z] GET /api/boards/my
[2025-12-30T15:55:03.974Z] GET /api/boards/my
[2025-12-30T15:55:04.204Z] OPTIONS /api/boards/my
[2025-12-30T15:55:04.207Z] GET /api/boards/my
[2025-12-30T15:55:04.386Z] GET /api/boards/my
[2025-12-30T15:55:04.608Z] GET /api/boards/my
[2025-12-30T15:55:04.791Z] GET /api/boards/my
[2025-12-30T15:55:05.020Z] GET /api/boards/my
[2025-12-30T15:55:05.243Z] GET /api/boards/my
[2025-12-30T15:55:05.437Z] GET /api/boards/my
[2025-12-30T15:55:05.641Z] GET /api/boards/my
[2025-12-30T15:55:05.846Z] GET /api/boards/my
[2025-12-30T15:55:06.059Z] GET /api/boards/my
[2025-12-30T15:55:06.260Z] GET /api/boards/my
[2025-12-30T15:55:06.484Z] GET /api/boards/my
[2025-12-30T15:55:06.686Z] GET /api/boards/my
[2025-12-30T15:55:06.893Z] GET /api/boards/my
[2025-12-30T15:55:07.107Z] GET /api/boards/my
[2025-12-30T15:55:07.316Z] GET /api/boards/my
[2025-12-30T15:55:07.517Z] GET /api/boards/my
[2025-12-30T15:55:07.735Z] GET /api/boards/my
[2025-12-30T15:55:07.919Z] GET /api/boards/my
[2025-12-30T15:55:08.151Z] GET /api/boards/my
[2025-12-30T15:55:08.350Z] GET /api/boards/my
[2025-12-30T15:55:08.566Z] GET /api/boards/my
[2025-12-30T15:55:08.773Z] GET /api/boards/my
[2025-12-30T15:55:08.980Z] GET /api/boards/my
[2025-12-30T15:55:09.189Z] GET /api/boards/my
[2025-12-30T15:55:09.384Z] OPTIONS /api/boards/my
[2025-12-30T15:55:09.386Z] GET /api/boards/my
[2025-12-30T15:55:09.592Z] GET /api/boards/my
[2025-12-30T15:55:09.819Z] GET /api/boards/my
[2025-12-30T15:55:10.019Z] GET /api/boards/my
[2025-12-30T15:55:10.234Z] GET /api/boards/my
[2025-12-30T15:55:10.424Z] GET /api/boards/my
[2025-12-30T15:55:10.643Z] GET /api/boards/my
[2025-12-30T15:55:10.857Z] GET /api/boards/my
[2025-12-30T15:55:11.045Z] GET /api/boards/my
[2025-12-30T15:55:11.268Z] GET /api/boards/my
[2025-12-30T15:55:11.451Z] GET /api/boards/my
[2025-12-30T15:55:11.675Z] GET /api/boards/my
[2025-12-30T15:55:11.898Z] GET /api/boards/my
[2025-12-30T15:55:12.086Z] GET /api/boards/my
[2025-12-30T15:55:12.301Z] GET /api/boards/my
[2025-12-30T15:55:12.494Z] GET /api/boards/my
[2025-12-30T15:55:12.711Z] GET /api/boards/my
[2025-12-30T15:55:12.898Z] GET /api/boards/my
[2025-12-30T15:55:13.114Z] GET /api/boards/my
[2025-12-30T15:55:13.337Z] GET /api/boards/my
[2025-12-30T15:55:13.528Z] GET /api/boards/my
[2025-12-30T15:55:13.744Z] GET /api/boards/my
[2025-12-30T15:55:13.960Z] GET /api/boards/my
[2025-12-30T15:55:14.159Z] GET /api/boards/my
[2025-12-30T15:55:14.364Z] GET /api/boards/my
[2025-12-30T15:55:14.550Z] OPTIONS /api/boards/my
[2025-12-30T15:55:14.552Z] GET /api/boards/my
[2025-12-30T15:55:14.779Z] GET /api/boards/my
[2025-12-30T15:55:14.981Z] GET /api/boards/my
[2025-12-30T15:55:15.346Z] GET /api/boards/my
[2025-12-30T15:55:15.477Z] GET /api/boards/my
[2025-12-30T15:55:15.679Z] GET /api/boards/my
[2025-12-30T15:55:15.888Z] GET /api/boards/my
[2025-12-30T15:55:16.098Z] GET /api/boards/my
[2025-12-30T15:55:16.302Z] GET /api/boards/my
[2025-12-30T15:55:16.531Z] GET /api/boards/my
[2025-12-30T15:55:16.733Z] GET /api/boards/my
[2025-12-30T15:55:16.946Z] GET /api/boards/my
[2025-12-30T15:55:17.143Z] GET /api/boards/my
[2025-12-30T15:55:17.368Z] GET /api/boards/my
[2025-12-30T15:55:17.592Z] GET /api/boards/my
[2025-12-30T15:55:17.776Z] GET /api/boards/my
[2025-12-30T15:55:17.970Z] GET /api/boards/my
[2025-12-30T15:55:18.182Z] GET /api/boards/my
[2025-12-30T15:55:18.411Z] GET /api/boards/my
[2025-12-30T15:55:18.612Z] GET /api/boards/my
[2025-12-30T15:55:18.801Z] GET /api/boards/my
[2025-12-30T15:55:19.017Z] GET /api/boards/my
[2025-12-30T15:55:19.225Z] GET /api/boards/my
[2025-12-30T15:55:19.421Z] GET /api/boards/my
[2025-12-30T15:55:19.650Z] OPTIONS /api/boards/my
[2025-12-30T15:55:19.652Z] GET /api/boards/my
[2025-12-30T15:55:19.853Z] GET /api/boards/my
[2025-12-30T15:55:20.061Z] GET /api/boards/my
[2025-12-30T15:55:20.255Z] GET /api/boards/my
[2025-12-30T15:55:20.458Z] GET /api/boards/my
[2025-12-30T15:55:20.685Z] GET /api/boards/my
[2025-12-30T15:55:20.858Z] GET /api/boards/my
[2025-12-30T15:55:21.062Z] GET /api/boards/my
[2025-12-30T15:55:21.278Z] GET /api/boards/my
[2025-12-30T15:55:21.483Z] GET /api/boards/my
[2025-12-30T15:55:21.713Z] GET /api/boards/my
[2025-12-30T15:55:21.886Z] GET /api/boards/my
[2025-12-30T15:55:22.088Z] GET /api/boards/my
[2025-12-30T15:55:22.307Z] GET /api/boards/my
[2025-12-30T15:55:22.534Z] GET /api/boards/my
[2025-12-30T15:55:22.725Z] GET /api/boards/my
[2025-12-30T15:55:22.926Z] GET /api/boards/my
[2025-12-30T15:55:23.127Z] GET /api/boards/my
[2025-12-30T15:55:23.351Z] GET /api/boards/my
[2025-12-30T15:55:23.546Z] GET /api/boards/my
[2025-12-30T15:55:23.792Z] GET /api/boards/my
[2025-12-30T15:55:23.975Z] GET /api/boards/my
[2025-12-30T15:55:24.194Z] GET /api/boards/my
[2025-12-30T15:55:24.388Z] GET /api/boards/my
[2025-12-30T15:55:24.593Z] GET /api/boards/my
[2025-12-30T15:55:24.777Z] OPTIONS /api/boards/my
[2025-12-30T15:55:24.780Z] GET /api/boards/my
[2025-12-30T15:55:25.007Z] GET /api/boards/my
[2025-12-30T15:55:25.217Z] GET /api/boards/my
[2025-12-30T15:55:25.422Z] GET /api/boards/my
[2025-12-30T15:55:25.627Z] GET /api/boards/my
[2025-12-30T15:55:25.841Z] GET /api/boards/my
[2025-12-30T15:55:26.035Z] GET /api/boards/my
[2025-12-30T15:55:26.252Z] GET /api/boards/my
[2025-12-30T15:55:26.436Z] GET /api/boards/my
[2025-12-30T15:55:26.653Z] GET /api/boards/my
[2025-12-30T15:55:26.882Z] GET /api/boards/my
[2025-12-30T15:55:27.078Z] GET /api/boards/my
[2025-12-30T15:55:27.291Z] GET /api/boards/my
[2025-12-30T15:55:27.496Z] GET /api/boards/my
[2025-12-30T15:55:27.706Z] GET /api/boards/my
[2025-12-30T15:55:27.924Z] GET /api/boards/my
[2025-12-30T15:55:28.088Z] GET /api/boards/my
[2025-12-30T15:55:28.307Z] GET /api/boards/my
[2025-12-30T15:55:28.513Z] GET /api/boards/my
[2025-12-30T15:55:28.719Z] GET /api/boards/my
[2025-12-30T15:55:28.939Z] GET /api/boards/my
[2025-12-30T15:55:29.120Z] GET /api/boards/my
[2025-12-30T15:55:29.348Z] GET /api/boards/my
[2025-12-30T15:55:29.555Z] GET /api/boards/my
[2025-12-30T15:55:29.750Z] GET /api/boards/my
[2025-12-30T15:55:29.973Z] OPTIONS /api/boards/my
[2025-12-30T15:55:29.975Z] GET /api/boards/my
[2025-12-30T15:55:30.165Z] GET /api/boards/my
[2025-12-30T15:55:30.391Z] GET /api/boards/my
[2025-12-30T15:55:30.584Z] GET /api/boards/my
[2025-12-30T15:55:30.797Z] GET /api/boards/my
[2025-12-30T15:55:31.030Z] GET /api/boards/my
[2025-12-30T15:55:31.218Z] GET /api/boards/my
[2025-12-30T15:55:31.404Z] GET /api/boards/my
[2025-12-30T15:55:31.623Z] GET /api/boards/my
[2025-12-30T15:55:31.843Z] GET /api/boards/my
[2025-12-30T15:55:32.051Z] GET /api/boards/my
[2025-12-30T15:55:32.250Z] GET /api/boards/my
[2025-12-30T15:55:32.461Z] GET /api/boards/my
[2025-12-30T15:55:32.660Z] GET /api/boards/my
[2025-12-30T15:55:32.877Z] GET /api/boards/my
[2025-12-30T15:55:33.081Z] GET /api/boards/my
[2025-12-30T15:55:33.262Z] GET /api/boards/my
[2025-12-30T15:55:33.487Z] GET /api/boards/my
[2025-12-30T15:55:33.694Z] GET /api/boards/my
[2025-12-30T15:55:33.886Z] GET /api/boards/my
[2025-12-30T15:55:34.123Z] GET /api/boards/my
[2025-12-30T15:55:34.317Z] GET /api/boards/my
[2025-12-30T15:55:34.528Z] GET /api/boards/my
[2025-12-30T15:55:34.728Z] GET /api/boards/my
[2025-12-30T15:55:34.938Z] GET /api/boards/my
[2025-12-30T15:55:35.118Z] OPTIONS /api/boards/my
[2025-12-30T15:55:35.120Z] GET /api/boards/my
[2025-12-30T15:55:35.340Z] GET /api/boards/my
[2025-12-30T15:55:35.585Z] GET /api/boards/my
[2025-12-30T15:55:35.742Z] GET /api/boards/my
[2025-12-30T15:55:35.955Z] GET /api/boards/my
[2025-12-30T15:55:36.169Z] GET /api/boards/my
[2025-12-30T15:55:36.389Z] GET /api/boards/my
[2025-12-30T15:55:36.571Z] GET /api/boards/my
[2025-12-30T15:55:36.790Z] GET /api/boards/my
[2025-12-30T15:55:37.010Z] GET /api/boards/my
[2025-12-30T15:55:37.225Z] GET /api/boards/my
[2025-12-30T15:55:37.408Z] GET /api/boards/my
[2025-12-30T15:55:37.619Z] GET /api/boards/my
[2025-12-30T15:55:37.825Z] GET /api/boards/my
[2025-12-30T15:55:38.049Z] GET /api/boards/my
[2025-12-30T15:55:38.246Z] GET /api/boards/my
[2025-12-30T15:55:38.454Z] GET /api/boards/my
[2025-12-30T15:55:38.675Z] GET /api/boards/my
[2025-12-30T15:55:38.860Z] GET /api/boards/my
[2025-12-30T15:55:39.072Z] GET /api/boards/my
[2025-12-30T15:55:39.294Z] GET /api/boards/my
[2025-12-30T15:55:39.493Z] GET /api/boards/my
[2025-12-30T15:55:39.709Z] GET /api/boards/my
[2025-12-30T15:55:39.905Z] GET /api/boards/my
[2025-12-30T15:55:40.100Z] GET /api/boards/my
[2025-12-30T15:55:40.337Z] OPTIONS /api/boards/my
[2025-12-30T15:55:40.339Z] GET /api/boards/my
[2025-12-30T15:55:40.524Z] GET /api/boards/my
[2025-12-30T15:55:40.745Z] GET /api/boards/my
[2025-12-30T15:55:40.923Z] GET /api/boards/my
[2025-12-30T15:55:41.154Z] GET /api/boards/my
[2025-12-30T15:55:41.376Z] GET /api/boards/my
[2025-12-30T15:55:41.559Z] GET /api/boards/my
[2025-12-30T15:55:41.759Z] GET /api/boards/my
[2025-12-30T15:55:41.962Z] GET /api/boards/my
[2025-12-30T15:55:42.188Z] GET /api/boards/my
[2025-12-30T15:55:42.414Z] GET /api/boards/my
[2025-12-30T15:55:42.595Z] GET /api/boards/my
[2025-12-30T15:55:42.814Z] GET /api/boards/my
[2025-12-30T15:55:43.013Z] GET /api/boards/my
[2025-12-30T15:55:43.243Z] GET /api/boards/my
[2025-12-30T15:55:43.438Z] GET /api/boards/my
[2025-12-30T15:55:43.623Z] GET /api/boards/my
[2025-12-30T15:55:43.849Z] GET /api/boards/my
[2025-12-30T15:55:44.051Z] GET /api/boards/my
[2025-12-30T15:55:44.259Z] GET /api/boards/my
[2025-12-30T15:55:44.475Z] GET /api/boards/my
[2025-12-30T15:55:44.664Z] GET /api/boards/my
[2025-12-30T15:55:44.872Z] GET /api/boards/my
[2025-12-30T15:55:45.069Z] GET /api/boards/my
[2025-12-30T15:55:45.295Z] GET /api/boards/my
[2025-12-30T15:55:45.520Z] OPTIONS /api/boards/my
[2025-12-30T15:55:45.523Z] GET /api/boards/my
[2025-12-30T15:55:45.711Z] GET /api/boards/my
[2025-12-30T15:55:45.918Z] GET /api/boards/my
[2025-12-30T15:55:46.121Z] GET /api/boards/my
[2025-12-30T15:55:46.337Z] GET /api/boards/my
[2025-12-30T15:55:46.554Z] GET /api/boards/my
[2025-12-30T15:55:46.724Z] GET /api/boards/my
[2025-12-30T15:55:46.943Z] GET /api/boards/my
[2025-12-30T15:55:47.143Z] GET /api/boards/my
[2025-12-30T15:55:47.367Z] GET /api/boards/my
[2025-12-30T15:55:47.593Z] GET /api/boards/my
[2025-12-30T15:55:47.782Z] GET /api/boards/my
[2025-12-30T15:55:47.991Z] GET /api/boards/my
[2025-12-30T15:55:48.194Z] GET /api/boards/my
[2025-12-30T15:55:48.388Z] GET /api/boards/my
[2025-12-30T15:55:48.632Z] GET /api/boards/my
[2025-12-30T15:55:48.804Z] GET /api/boards/my
[2025-12-30T15:55:49.025Z] GET /api/boards/my
[2025-12-30T15:55:49.229Z] GET /api/boards/my
[2025-12-30T15:55:49.444Z] GET /api/boards/my
[2025-12-30T15:55:49.658Z] GET /api/boards/my
[2025-12-30T15:55:49.856Z] GET /api/boards/my
[2025-12-30T15:55:50.132Z] GET /api/boards/my
[2025-12-30T15:55:50.354Z] GET /api/boards/my
[2025-12-30T15:55:50.566Z] OPTIONS /api/boards/my
[2025-12-30T15:55:50.573Z] GET /api/boards/my
[2025-12-30T15:55:50.773Z] GET /api/boards/my
[2025-12-30T15:55:50.991Z] GET /api/boards/my
[2025-12-30T15:55:51.265Z] GET /api/boards/my
[2025-12-30T15:55:51.495Z] GET /api/boards/my
[2025-12-30T15:55:51.703Z] GET /api/boards/my
[2025-12-30T15:55:51.902Z] GET /api/boards/my
[2025-12-30T15:55:52.161Z] GET /api/boards/my
[2025-12-30T15:55:52.317Z] GET /api/boards/my
[2025-12-30T15:55:52.526Z] GET /api/boards/my
[2025-12-30T15:55:52.746Z] GET /api/boards/my
[2025-12-30T15:55:52.950Z] GET /api/boards/my
[2025-12-30T15:55:53.163Z] GET /api/boards/my
[2025-12-30T15:55:53.368Z] GET /api/boards/my
[2025-12-30T15:55:53.572Z] GET /api/boards/my
[2025-12-30T15:55:53.780Z] GET /api/boards/my
[2025-12-30T15:55:53.989Z] GET /api/boards/my
[2025-12-30T15:55:54.200Z] GET /api/boards/my
[2025-12-30T15:55:54.411Z] GET /api/boards/my
[2025-12-30T15:55:54.632Z] GET /api/boards/my
[2025-12-30T15:55:54.820Z] GET /api/boards/my
[2025-12-30T15:55:55.025Z] GET /api/boards/my
[2025-12-30T15:55:55.230Z] GET /api/boards/my
[2025-12-30T15:55:55.443Z] GET /api/boards/my
[2025-12-30T15:55:55.655Z] OPTIONS /api/boards/my
[2025-12-30T15:55:55.657Z] GET /api/boards/my
[2025-12-30T15:55:55.862Z] GET /api/boards/my
[2025-12-30T15:55:56.076Z] GET /api/boards/my
[2025-12-30T15:55:56.279Z] GET /api/boards/my
[2025-12-30T15:55:56.526Z] GET /api/boards/my
[2025-12-30T15:55:57.806Z] GET /api/boards/my
[2025-12-30T15:55:58.022Z] GET /api/boards/my
[2025-12-30T15:55:58.243Z] GET /api/boards/my
[2025-12-30T15:55:58.437Z] GET /api/boards/my
[2025-12-30T15:55:58.656Z] GET /api/boards/my
[2025-12-30T15:55:58.864Z] GET /api/boards/my
[2025-12-30T15:55:59.066Z] GET /api/boards/my
[2025-12-30T15:55:59.276Z] GET /api/boards/my
[2025-12-30T15:55:59.483Z] GET /api/boards/my
[2025-12-30T15:55:59.694Z] GET /api/boards/my
[2025-12-30T15:55:59.923Z] GET /api/boards/my
[2025-12-30T15:56:00.108Z] GET /api/boards/my
[2025-12-30T15:56:00.305Z] GET /api/boards/my
[2025-12-30T15:56:00.510Z] GET /api/boards/my
[2025-12-30T15:56:00.719Z] OPTIONS /api/boards/my
[2025-12-30T15:56:00.721Z] GET /api/boards/my
[2025-12-30T15:56:00.945Z] GET /api/boards/my
[2025-12-30T15:56:01.139Z] GET /api/boards/my
[2025-12-30T15:56:01.338Z] GET /api/boards/my
[2025-12-30T15:56:01.549Z] GET /api/boards/my
[2025-12-30T15:56:01.755Z] GET /api/boards/my
[2025-12-30T15:56:02.053Z] GET /api/boards/my
[2025-12-30T15:56:02.262Z] GET /api/boards/my
[2025-12-30T15:56:02.543Z] GET /api/boards/my
[2025-12-30T15:56:02.666Z] GET /api/boards/my
[2025-12-30T15:56:02.879Z] GET /api/boards/my
[2025-12-30T15:56:03.087Z] GET /api/boards/my
[2025-12-30T15:56:03.274Z] GET /api/boards/my
[2025-12-30T15:56:03.481Z] GET /api/boards/my
[2025-12-30T15:56:03.702Z] GET /api/boards/my
[2025-12-30T15:56:03.904Z] GET /api/boards/my
[2025-12-30T15:56:04.107Z] GET /api/boards/my
[2025-12-30T15:56:04.327Z] GET /api/boards/my
[2025-12-30T15:56:04.523Z] GET /api/boards/my
[2025-12-30T15:56:04.747Z] GET /api/boards/my
[2025-12-30T15:56:04.936Z] GET /api/boards/my
[2025-12-30T15:56:05.145Z] GET /api/boards/my
[2025-12-30T15:56:05.368Z] GET /api/boards/my
[2025-12-30T15:56:05.561Z] GET /api/boards/my
[2025-12-30T15:56:05.775Z] OPTIONS /api/boards/my
[2025-12-30T15:56:05.778Z] GET /api/boards/my
[2025-12-30T15:56:05.984Z] GET /api/boards/my
[2025-12-30T15:56:06.182Z] GET /api/boards/my
[2025-12-30T15:56:06.385Z] GET /api/boards/my
[2025-12-30T15:56:06.613Z] GET /api/boards/my
[2025-12-30T15:56:06.806Z] GET /api/boards/my
[2025-12-30T15:56:07.016Z] GET /api/boards/my
[2025-12-30T15:56:07.211Z] GET /api/boards/my
[2025-12-30T15:56:07.422Z] GET /api/boards/my
[2025-12-30T15:56:07.645Z] GET /api/boards/my
[2025-12-30T15:56:07.839Z] GET /api/boards/my
[2025-12-30T15:56:08.037Z] GET /api/boards/my
[2025-12-30T15:56:08.252Z] GET /api/boards/my
[2025-12-30T15:56:08.460Z] GET /api/boards/my
[2025-12-30T15:56:08.718Z] GET /api/boards/my
[2025-12-30T15:56:08.867Z] GET /api/boards/my
[2025-12-30T15:56:09.075Z] GET /api/boards/my
[2025-12-30T15:56:09.286Z] GET /api/boards/my
[2025-12-30T15:56:09.494Z] GET /api/boards/my
[2025-12-30T15:56:09.700Z] GET /api/boards/my
[2025-12-30T15:56:09.899Z] GET /api/boards/my
[2025-12-30T15:56:10.112Z] GET /api/boards/my
[2025-12-30T15:56:10.314Z] GET /api/boards/my
[2025-12-30T15:56:10.528Z] GET /api/boards/my
[2025-12-30T15:56:10.742Z] GET /api/boards/my
[2025-12-30T15:56:10.930Z] OPTIONS /api/boards/my
[2025-12-30T15:56:10.932Z] GET /api/boards/my
[2025-12-30T15:56:11.137Z] GET /api/boards/my
[2025-12-30T15:56:11.331Z] GET /api/boards/my
[2025-12-30T15:56:11.548Z] GET /api/boards/my
[2025-12-30T15:56:11.775Z] GET /api/boards/my
[2025-12-30T15:56:11.950Z] GET /api/boards/my
[2025-12-30T15:56:12.166Z] GET /api/boards/my
[2025-12-30T15:56:12.372Z] GET /api/boards/my
[2025-12-30T15:56:12.584Z] GET /api/boards/my
[2025-12-30T15:56:12.786Z] GET /api/boards/my
[2025-12-30T15:56:12.989Z] GET /api/boards/my
[2025-12-30T15:56:13.199Z] GET /api/boards/my
[2025-12-30T15:56:13.406Z] GET /api/boards/my
[2025-12-30T15:56:13.612Z] GET /api/boards/my
[2025-12-30T15:56:13.816Z] GET /api/boards/my
[2025-12-30T15:56:14.031Z] GET /api/boards/my
[2025-12-30T15:56:14.238Z] GET /api/boards/my
[2025-12-30T15:56:14.432Z] GET /api/boards/my
[2025-12-30T15:56:14.639Z] GET /api/boards/my
[2025-12-30T15:56:14.845Z] GET /api/boards/my
[2025-12-30T15:56:15.349Z] GET /api/boards/my
[2025-12-30T15:56:15.483Z] GET /api/boards/my
[2025-12-30T15:56:15.682Z] GET /api/boards/my
[2025-12-30T15:56:15.890Z] GET /api/boards/my
[2025-12-30T15:56:16.094Z] OPTIONS /api/boards/my
[2025-12-30T15:56:16.097Z] GET /api/boards/my
[2025-12-30T15:56:16.302Z] GET /api/boards/my
[2025-12-30T15:56:16.511Z] GET /api/boards/my
[2025-12-30T15:56:16.728Z] GET /api/boards/my
[2025-12-30T15:56:16.929Z] GET /api/boards/my
[2025-12-30T15:56:17.148Z] GET /api/boards/my
[2025-12-30T15:56:17.357Z] GET /api/boards/my
[2025-12-30T15:56:17.551Z] GET /api/boards/my
[2025-12-30T15:56:17.766Z] GET /api/boards/my
[2025-12-30T15:56:17.954Z] GET /api/boards/my
[2025-12-30T15:56:18.174Z] GET /api/boards/my
[2025-12-30T15:56:18.384Z] GET /api/boards/my
[2025-12-30T15:56:18.596Z] GET /api/boards/my
[2025-12-30T15:56:18.787Z] GET /api/boards/my
[2025-12-30T15:56:18.988Z] GET /api/boards/my
[2025-12-30T15:56:19.211Z] GET /api/boards/my
[2025-12-30T15:56:19.424Z] GET /api/boards/my
[2025-12-30T15:56:19.627Z] GET /api/boards/my
[2025-12-30T15:56:19.832Z] GET /api/boards/my
[2025-12-30T15:56:20.056Z] GET /api/boards/my
[2025-12-30T15:56:20.271Z] GET /api/boards/my
[2025-12-30T15:56:20.469Z] GET /api/boards/my
[2025-12-30T15:56:20.750Z] GET /api/boards/my
[2025-12-30T15:56:21.054Z] GET /api/boards/my
[2025-12-30T15:56:21.294Z] OPTIONS /api/boards/my
[2025-12-30T15:56:21.296Z] GET /api/boards/my
[2025-12-30T15:56:21.493Z] GET /api/boards/my
[2025-12-30T15:56:21.704Z] GET /api/boards/my
[2025-12-30T15:56:21.923Z] GET /api/boards/my
[2025-12-30T15:56:22.127Z] GET /api/boards/my
[2025-12-30T15:56:22.338Z] GET /api/boards/my
[2025-12-30T15:56:22.538Z] GET /api/boards/my
[2025-12-30T15:56:22.761Z] GET /api/boards/my
[2025-12-30T15:56:22.963Z] GET /api/boards/my
[2025-12-30T15:56:23.153Z] GET /api/boards/my
[2025-12-30T15:56:23.373Z] GET /api/boards/my
[2025-12-30T15:56:23.574Z] GET /api/boards/my
[2025-12-30T15:56:23.776Z] GET /api/boards/my
[2025-12-30T15:56:23.994Z] GET /api/boards/my
[2025-12-30T15:56:24.182Z] GET /api/boards/my
[2025-12-30T15:56:24.417Z] GET /api/boards/my
[2025-12-30T15:56:24.604Z] GET /api/boards/my
[2025-12-30T15:56:24.796Z] GET /api/boards/my
[2025-12-30T15:56:25.012Z] GET /api/boards/my
[2025-12-30T15:56:25.221Z] GET /api/boards/my
[2025-12-30T15:56:25.423Z] GET /api/boards/my
[2025-12-30T15:56:25.627Z] GET /api/boards/my
[2025-12-30T15:56:25.842Z] GET /api/boards/my
[2025-12-30T15:56:26.043Z] GET /api/boards/my
[2025-12-30T15:56:26.245Z] GET /api/boards/my
[2025-12-30T15:56:26.455Z] OPTIONS /api/boards/my
[2025-12-30T15:56:26.459Z] GET /api/boards/my
[2025-12-30T15:56:26.664Z] GET /api/boards/my
[2025-12-30T15:56:26.876Z] GET /api/boards/my
[2025-12-30T15:56:27.087Z] GET /api/boards/my
[2025-12-30T15:56:27.287Z] GET /api/boards/my
[2025-12-30T15:56:27.504Z] GET /api/boards/my
[2025-12-30T15:56:27.699Z] GET /api/boards/my
[2025-12-30T15:56:27.916Z] GET /api/boards/my
[2025-12-30T15:56:28.128Z] GET /api/boards/my
[2025-12-30T15:56:28.337Z] GET /api/boards/my
[2025-12-30T15:56:28.537Z] GET /api/boards/my
[2025-12-30T15:56:28.756Z] GET /api/boards/my
[2025-12-30T15:56:28.934Z] GET /api/boards/my
[2025-12-30T15:56:29.153Z] GET /api/boards/my
[2025-12-30T15:56:29.356Z] GET /api/boards/my
[2025-12-30T15:56:29.580Z] GET /api/boards/my
[2025-12-30T15:56:29.778Z] GET /api/boards/my
[2025-12-30T15:56:29.997Z] GET /api/boards/my
[2025-12-30T15:56:30.211Z] GET /api/boards/my
[2025-12-30T15:56:30.400Z] GET /api/boards/my
[2025-12-30T15:56:30.612Z] GET /api/boards/my
[2025-12-30T15:56:30.800Z] GET /api/boards/my
[2025-12-30T15:56:31.024Z] GET /api/boards/my
[2025-12-30T15:56:31.237Z] GET /api/boards/my
[2025-12-30T15:56:31.434Z] GET /api/boards/my
[2025-12-30T15:56:31.654Z] OPTIONS /api/boards/my
[2025-12-30T15:56:31.658Z] GET /api/boards/my
[2025-12-30T15:56:31.844Z] GET /api/boards/my
[2025-12-30T15:56:32.059Z] GET /api/boards/my
[2025-12-30T15:56:32.270Z] GET /api/boards/my
[2025-12-30T15:56:32.453Z] GET /api/boards/my
[2025-12-30T15:56:32.666Z] GET /api/boards/my
[2025-12-30T15:56:32.861Z] GET /api/boards/my
[2025-12-30T15:56:33.068Z] GET /api/boards/my
[2025-12-30T15:56:33.302Z] GET /api/boards/my
[2025-12-30T15:56:33.484Z] GET /api/boards/my
[2025-12-30T15:56:33.696Z] GET /api/boards/my
[2025-12-30T15:56:33.894Z] GET /api/boards/my
[2025-12-30T15:56:34.108Z] GET /api/boards/my
[2025-12-30T15:56:34.338Z] GET /api/boards/my
[2025-12-30T15:56:34.529Z] GET /api/boards/my
[2025-12-30T15:56:34.742Z] GET /api/boards/my
[2025-12-30T15:56:34.944Z] GET /api/boards/my
[2025-12-30T15:56:35.150Z] GET /api/boards/my
[2025-12-30T15:56:35.353Z] GET /api/boards/my
[2025-12-30T15:56:35.565Z] GET /api/boards/my
[2025-12-30T15:56:35.778Z] GET /api/boards/my
[2025-12-30T15:56:35.977Z] GET /api/boards/my
[2025-12-30T15:56:36.182Z] GET /api/boards/my
[2025-12-30T15:56:36.389Z] GET /api/boards/my
[2025-12-30T15:56:36.596Z] GET /api/boards/my
[2025-12-30T15:56:36.804Z] OPTIONS /api/boards/my
[2025-12-30T15:56:36.809Z] GET /api/boards/my
[2025-12-30T15:56:37.043Z] GET /api/boards/my
[2025-12-30T15:56:37.228Z] GET /api/boards/my
[2025-12-30T15:56:37.440Z] GET /api/boards/my
[2025-12-30T15:56:37.653Z] GET /api/boards/my
[2025-12-30T15:56:37.856Z] GET /api/boards/my
[2025-12-30T15:56:38.067Z] GET /api/boards/my
[2025-12-30T15:56:38.273Z] GET /api/boards/my
[2025-12-30T15:56:38.482Z] GET /api/boards/my
[2025-12-30T15:56:38.681Z] GET /api/boards/my
[2025-12-30T15:56:38.888Z] GET /api/boards/my
[2025-12-30T15:56:39.087Z] GET /api/boards/my
[2025-12-30T15:56:39.297Z] GET /api/boards/my
[2025-12-30T15:56:39.504Z] GET /api/boards/my
[2025-12-30T15:56:39.714Z] GET /api/boards/my
[2025-12-30T15:56:39.928Z] GET /api/boards/my
[2025-12-30T15:56:40.128Z] GET /api/boards/my
[2025-12-30T15:56:40.331Z] GET /api/boards/my
[2025-12-30T15:56:40.541Z] GET /api/boards/my
[2025-12-30T15:56:40.751Z] GET /api/boards/my
[2025-12-30T15:56:40.972Z] GET /api/boards/my
[2025-12-30T15:56:41.161Z] GET /api/boards/my
[2025-12-30T15:56:41.378Z] GET /api/boards/my
[2025-12-30T15:56:41.570Z] GET /api/boards/my
[2025-12-30T15:56:41.777Z] GET /api/boards/my
[2025-12-30T15:56:41.988Z] OPTIONS /api/boards/my
[2025-12-30T15:56:41.991Z] GET /api/boards/my
[2025-12-30T15:56:42.195Z] GET /api/boards/my
[2025-12-30T15:56:42.402Z] GET /api/boards/my
[2025-12-30T15:56:42.611Z] GET /api/boards/my
[2025-12-30T15:56:42.815Z] GET /api/boards/my
[2025-12-30T15:56:43.039Z] GET /api/boards/my
[2025-12-30T15:56:43.228Z] GET /api/boards/my
[2025-12-30T15:56:43.428Z] GET /api/boards/my
[2025-12-30T15:56:43.643Z] GET /api/boards/my
[2025-12-30T15:56:43.845Z] GET /api/boards/my
[2025-12-30T15:56:44.065Z] GET /api/boards/my
[2025-12-30T15:56:44.256Z] GET /api/boards/my
[2025-12-30T15:56:44.460Z] GET /api/boards/my
[2025-12-30T15:56:44.671Z] GET /api/boards/my
[2025-12-30T15:56:44.889Z] GET /api/boards/my
[2025-12-30T15:56:45.082Z] GET /api/boards/my
[2025-12-30T15:56:45.297Z] GET /api/boards/my
[2025-12-30T15:56:45.511Z] GET /api/boards/my
[2025-12-30T15:56:45.707Z] GET /api/boards/my
[2025-12-30T15:56:45.914Z] GET /api/boards/my
[2025-12-30T15:56:46.126Z] GET /api/boards/my
[2025-12-30T15:56:46.328Z] GET /api/boards/my
[2025-12-30T15:56:46.539Z] GET /api/boards/my
[2025-12-30T15:56:46.733Z] GET /api/boards/my
[2025-12-30T15:56:46.951Z] GET /api/boards/my
[2025-12-30T15:56:47.171Z] OPTIONS /api/boards/my
[2025-12-30T15:56:47.174Z] GET /api/boards/my
[2025-12-30T15:56:47.358Z] GET /api/boards/my
[2025-12-30T15:56:47.570Z] GET /api/boards/my
[2025-12-30T15:56:47.778Z] GET /api/boards/my
[2025-12-30T15:56:48.001Z] GET /api/boards/my
[2025-12-30T15:56:48.193Z] GET /api/boards/my
[2025-12-30T15:56:48.406Z] GET /api/boards/my
[2025-12-30T15:56:48.619Z] GET /api/boards/my
[2025-12-30T15:56:48.821Z] GET /api/boards/my
[2025-12-30T15:56:49.032Z] GET /api/boards/my
[2025-12-30T15:56:49.227Z] GET /api/boards/my
[2025-12-30T15:56:49.444Z] GET /api/boards/my
[2025-12-30T15:56:49.645Z] GET /api/boards/my
[2025-12-30T15:56:49.843Z] GET /api/boards/my
[2025-12-30T15:56:50.056Z] GET /api/boards/my
[2025-12-30T15:56:50.253Z] GET /api/boards/my
[2025-12-30T15:56:50.466Z] GET /api/boards/my
[2025-12-30T15:56:50.683Z] GET /api/boards/my
[2025-12-30T15:56:50.874Z] GET /api/boards/my
[2025-12-30T15:56:51.085Z] GET /api/boards/my
[2025-12-30T15:56:51.279Z] GET /api/boards/my
[2025-12-30T15:56:51.495Z] GET /api/boards/my
[2025-12-30T15:56:51.721Z] GET /api/boards/my
[2025-12-30T15:56:51.911Z] GET /api/boards/my
[2025-12-30T15:56:52.118Z] GET /api/boards/my
[2025-12-30T15:56:52.316Z] OPTIONS /api/boards/my
[2025-12-30T15:56:52.318Z] GET /api/boards/my
[2025-12-30T15:56:52.528Z] GET /api/boards/my
[2025-12-30T15:56:52.741Z] GET /api/boards/my
[2025-12-30T15:56:52.941Z] GET /api/boards/my
[2025-12-30T15:56:53.161Z] GET /api/boards/my
[2025-12-30T15:56:53.350Z] GET /api/boards/my
[2025-12-30T15:56:53.553Z] GET /api/boards/my
[2025-12-30T15:56:53.785Z] GET /api/boards/my
[2025-12-30T15:56:53.980Z] GET /api/boards/my
[2025-12-30T15:56:54.183Z] GET /api/boards/my
[2025-12-30T15:56:54.390Z] GET /api/boards/my
[2025-12-30T15:56:54.596Z] GET /api/boards/my
[2025-12-30T15:56:54.803Z] GET /api/boards/my
[2025-12-30T15:56:55.011Z] GET /api/boards/my
[2025-12-30T15:56:55.219Z] GET /api/boards/my
[2025-12-30T15:56:55.423Z] GET /api/boards/my
[2025-12-30T15:56:55.626Z] GET /api/boards/my
[2025-12-30T15:56:55.839Z] GET /api/boards/my
[2025-12-30T15:56:56.047Z] GET /api/boards/my
[2025-12-30T15:56:56.251Z] GET /api/boards/my
[2025-12-30T15:56:56.452Z] GET /api/boards/my
[2025-12-30T15:56:56.652Z] GET /api/boards/my
[2025-12-30T15:56:56.860Z] GET /api/boards/my
[2025-12-30T15:56:57.067Z] GET /api/boards/my
[2025-12-30T15:56:57.271Z] GET /api/boards/my
[2025-12-30T15:56:57.476Z] OPTIONS /api/boards/my
[2025-12-30T15:56:57.479Z] GET /api/boards/my
[2025-12-30T15:56:57.687Z] GET /api/boards/my
[2025-12-30T15:56:57.898Z] GET /api/boards/my
[2025-12-30T15:56:58.116Z] GET /api/boards/my
[2025-12-30T15:56:58.323Z] GET /api/boards/my
[2025-12-30T15:56:58.529Z] GET /api/boards/my
[2025-12-30T15:56:58.728Z] GET /api/boards/my
[2025-12-30T15:56:58.941Z] GET /api/boards/my
[2025-12-30T15:56:59.140Z] GET /api/boards/my
[2025-12-30T15:56:59.370Z] GET /api/boards/my
[2025-12-30T15:56:59.553Z] GET /api/boards/my
[2025-12-30T15:56:59.756Z] GET /api/boards/my
[2025-12-30T15:56:59.969Z] GET /api/boards/my
[2025-12-30T15:57:00.187Z] GET /api/boards/my
[2025-12-30T15:57:00.404Z] GET /api/boards/my
[2025-12-30T15:57:00.592Z] GET /api/boards/my
[2025-12-30T15:57:00.809Z] GET /api/boards/my
[2025-12-30T15:57:01.013Z] GET /api/boards/my
[2025-12-30T15:57:01.226Z] GET /api/boards/my
[2025-12-30T15:57:01.456Z] GET /api/boards/my
[2025-12-30T15:57:01.645Z] GET /api/boards/my
[2025-12-30T15:57:01.860Z] GET /api/boards/my
[2025-12-30T15:57:02.060Z] GET /api/boards/my
[2025-12-30T15:57:02.261Z] GET /api/boards/my
[2025-12-30T15:57:02.479Z] GET /api/boards/my
[2025-12-30T15:57:02.684Z] OPTIONS /api/boards/my
[2025-12-30T15:57:02.686Z] GET /api/boards/my
[2025-12-30T15:57:02.889Z] GET /api/boards/my
[2025-12-30T15:57:03.090Z] GET /api/boards/my
[2025-12-30T15:57:03.287Z] GET /api/boards/my
[2025-12-30T15:57:03.501Z] GET /api/boards/my
[2025-12-30T15:57:03.700Z] GET /api/boards/my
[2025-12-30T15:57:03.911Z] GET /api/boards/my
[2025-12-30T15:57:04.121Z] GET /api/boards/my
[2025-12-30T15:57:04.334Z] GET /api/boards/my
[2025-12-30T15:57:04.538Z] GET /api/boards/my
[2025-12-30T15:57:04.745Z] GET /api/boards/my
[2025-12-30T15:57:04.951Z] GET /api/boards/my
[2025-12-30T15:57:05.159Z] GET /api/boards/my
[2025-12-30T15:57:05.350Z] GET /api/boards/my
[2025-12-30T15:57:05.560Z] GET /api/boards/my
[2025-12-30T15:57:05.775Z] GET /api/boards/my
[2025-12-30T15:57:05.972Z] GET /api/boards/my
[2025-12-30T15:57:06.183Z] GET /api/boards/my
[2025-12-30T15:57:06.394Z] GET /api/boards/my
[2025-12-30T15:57:06.594Z] GET /api/boards/my
[2025-12-30T15:57:06.799Z] GET /api/boards/my
[2025-12-30T15:57:07.010Z] GET /api/boards/my
[2025-12-30T15:57:07.216Z] GET /api/boards/my
[2025-12-30T15:57:07.431Z] GET /api/boards/my
[2025-12-30T15:57:07.619Z] GET /api/boards/my
[2025-12-30T15:57:07.833Z] OPTIONS /api/boards/my
[2025-12-30T15:57:07.836Z] GET /api/boards/my
[2025-12-30T15:57:08.061Z] GET /api/boards/my
[2025-12-30T15:57:08.248Z] GET /api/boards/my
[2025-12-30T15:57:08.458Z] GET /api/boards/my
[2025-12-30T15:57:08.747Z] GET /api/boards/my
[2025-12-30T15:57:08.961Z] GET /api/boards/my
[2025-12-30T15:57:09.172Z] GET /api/boards/my
[2025-12-30T15:57:09.398Z] GET /api/boards/my
[2025-12-30T15:57:09.603Z] GET /api/boards/my
[2025-12-30T15:57:09.797Z] GET /api/boards/my
[2025-12-30T15:57:10.000Z] GET /api/boards/my
[2025-12-30T15:57:10.201Z] GET /api/boards/my
[2025-12-30T15:57:10.415Z] GET /api/boards/my
[2025-12-30T15:57:10.626Z] GET /api/boards/my
[2025-12-30T15:57:10.828Z] GET /api/boards/my
[2025-12-30T15:57:11.037Z] GET /api/boards/my
[2025-12-30T15:57:11.246Z] GET /api/boards/my
[2025-12-30T15:57:11.446Z] GET /api/boards/my
[2025-12-30T15:57:11.646Z] GET /api/boards/my
[2025-12-30T15:57:11.852Z] GET /api/boards/my
[2025-12-30T15:57:12.066Z] GET /api/boards/my
[2025-12-30T15:57:12.267Z] GET /api/boards/my
[2025-12-30T15:57:12.492Z] GET /api/boards/my
[2025-12-30T15:57:12.708Z] GET /api/boards/my
[2025-12-30T15:57:12.901Z] OPTIONS /api/boards/my
[2025-12-30T15:57:12.904Z] GET /api/boards/my
[2025-12-30T15:57:13.095Z] GET /api/boards/my
[2025-12-30T15:57:13.306Z] GET /api/boards/my
[2025-12-30T15:57:13.528Z] GET /api/boards/my
[2025-12-30T15:57:13.748Z] GET /api/boards/my
[2025-12-30T15:57:13.930Z] GET /api/boards/my
[2025-12-30T15:57:14.141Z] GET /api/boards/my
[2025-12-30T15:57:14.356Z] GET /api/boards/my
[2025-12-30T15:57:14.566Z] GET /api/boards/my
[2025-12-30T15:57:14.771Z] GET /api/boards/my
[2025-12-30T15:57:14.967Z] GET /api/boards/my
[2025-12-30T15:57:15.288Z] GET /api/boards/my
[2025-12-30T15:57:15.489Z] GET /api/boards/my
[2025-12-30T15:57:15.734Z] GET /api/boards/my
[2025-12-30T15:57:15.917Z] GET /api/boards/my
[2025-12-30T15:57:16.102Z] GET /api/boards/my
[2025-12-30T15:57:16.310Z] GET /api/boards/my
[2025-12-30T15:57:16.520Z] GET /api/boards/my
[2025-12-30T15:57:16.742Z] GET /api/boards/my
[2025-12-30T15:57:16.944Z] GET /api/boards/my
[2025-12-30T15:57:17.152Z] GET /api/boards/my
[2025-12-30T15:57:17.349Z] GET /api/boards/my
[2025-12-30T15:57:17.565Z] GET /api/boards/my
[2025-12-30T15:57:17.766Z] GET /api/boards/my
[2025-12-30T15:57:17.954Z] OPTIONS /api/boards/my
[2025-12-30T15:57:17.956Z] GET /api/boards/my
[2025-12-30T15:57:18.168Z] GET /api/boards/my
[2025-12-30T15:57:18.368Z] GET /api/boards/my
[2025-12-30T15:57:18.576Z] GET /api/boards/my
[2025-12-30T15:57:18.783Z] GET /api/boards/my
[2025-12-30T15:57:18.978Z] GET /api/boards/my
[2025-12-30T15:57:19.182Z] GET /api/boards/my
[2025-12-30T15:57:19.393Z] GET /api/boards/my
[2025-12-30T15:57:19.585Z] GET /api/boards/my
[2025-12-30T15:57:19.784Z] GET /api/boards/my
[2025-12-30T15:57:19.988Z] GET /api/boards/my
[2025-12-30T15:57:20.199Z] GET /api/boards/my
[2025-12-30T15:57:20.425Z] GET /api/boards/my
[2025-12-30T15:57:20.637Z] GET /api/boards/my
[2025-12-30T15:57:20.836Z] GET /api/boards/my
[2025-12-30T15:57:21.036Z] GET /api/boards/my
[2025-12-30T15:57:21.232Z] GET /api/boards/my
[2025-12-30T15:57:21.504Z] GET /api/boards/my
[2025-12-30T15:57:21.638Z] GET /api/boards/my
[2025-12-30T15:57:21.859Z] GET /api/boards/my
[2025-12-30T15:57:22.069Z] GET /api/boards/my
[2025-12-30T15:57:22.260Z] GET /api/boards/my
[2025-12-30T15:57:22.473Z] GET /api/boards/my
[2025-12-30T15:57:22.671Z] GET /api/boards/my
[2025-12-30T15:57:22.910Z] GET /api/boards/my
[2025-12-30T15:57:23.106Z] OPTIONS /api/boards/my
[2025-12-30T15:57:23.111Z] GET /api/boards/my
[2025-12-30T15:57:23.316Z] GET /api/boards/my
[2025-12-30T15:57:23.511Z] GET /api/boards/my
[2025-12-30T15:57:23.727Z] GET /api/boards/my
[2025-12-30T15:57:23.934Z] GET /api/boards/my
[2025-12-30T15:57:24.134Z] GET /api/boards/my
[2025-12-30T15:57:24.345Z] GET /api/boards/my
[2025-12-30T15:57:24.545Z] GET /api/boards/my
[2025-12-30T15:57:24.749Z] GET /api/boards/my
[2025-12-30T15:57:24.959Z] GET /api/boards/my
[2025-12-30T15:57:25.167Z] GET /api/boards/my
[2025-12-30T15:57:25.373Z] GET /api/boards/my
[2025-12-30T15:57:25.575Z] GET /api/boards/my
[2025-12-30T15:57:25.777Z] GET /api/boards/my
[2025-12-30T15:57:25.990Z] GET /api/boards/my
[2025-12-30T15:57:26.191Z] GET /api/boards/my
[2025-12-30T15:57:26.406Z] GET /api/boards/my
[2025-12-30T15:57:26.605Z] GET /api/boards/my
[2025-12-30T15:57:26.812Z] GET /api/boards/my
[2025-12-30T15:57:27.032Z] GET /api/boards/my
[2025-12-30T15:57:27.220Z] GET /api/boards/my
[2025-12-30T15:57:27.436Z] GET /api/boards/my
[2025-12-30T15:57:27.644Z] GET /api/boards/my
[2025-12-30T15:57:27.863Z] GET /api/boards/my
[2025-12-30T15:57:28.061Z] GET /api/boards/my
[2025-12-30T15:57:28.266Z] OPTIONS /api/boards/my
[2025-12-30T15:57:28.269Z] GET /api/boards/my
[2025-12-30T15:57:28.472Z] GET /api/boards/my
[2025-12-30T15:57:28.675Z] GET /api/boards/my
[2025-12-30T15:57:28.876Z] GET /api/boards/my
[2025-12-30T15:57:29.083Z] GET /api/boards/my
[2025-12-30T15:57:29.327Z] GET /api/boards/my
[2025-12-30T15:57:29.486Z] GET /api/boards/my
[2025-12-30T15:57:29.683Z] GET /api/boards/my
[2025-12-30T15:57:29.891Z] GET /api/boards/my
[2025-12-30T15:57:30.102Z] GET /api/boards/my
[2025-12-30T15:57:30.297Z] GET /api/boards/my
[2025-12-30T15:57:30.506Z] GET /api/boards/my
[2025-12-30T15:57:30.731Z] GET /api/boards/my
[2025-12-30T15:57:30.923Z] GET /api/boards/my
[2025-12-30T15:57:31.131Z] GET /api/boards/my
[2025-12-30T15:57:31.338Z] GET /api/boards/my
[2025-12-30T15:57:31.543Z] GET /api/boards/my
[2025-12-30T15:57:31.737Z] GET /api/boards/my
[2025-12-30T15:57:31.950Z] GET /api/boards/my
[2025-12-30T15:57:32.152Z] GET /api/boards/my
[2025-12-30T15:57:32.354Z] GET /api/boards/my
[2025-12-30T15:57:32.566Z] GET /api/boards/my
[2025-12-30T15:57:32.762Z] GET /api/boards/my
[2025-12-30T15:57:32.973Z] GET /api/boards/my
[2025-12-30T15:57:33.204Z] GET /api/boards/my
[2025-12-30T15:57:33.387Z] OPTIONS /api/boards/my
[2025-12-30T15:57:33.390Z] GET /api/boards/my
[2025-12-30T15:57:33.583Z] GET /api/boards/my
[2025-12-30T15:57:33.801Z] GET /api/boards/my
[2025-12-30T15:57:34.000Z] GET /api/boards/my
[2025-12-30T15:57:34.221Z] GET /api/boards/my
[2025-12-30T15:57:34.403Z] GET /api/boards/my
[2025-12-30T15:57:34.612Z] GET /api/boards/my
[2025-12-30T15:57:34.803Z] GET /api/boards/my
[2025-12-30T15:57:35.020Z] GET /api/boards/my
[2025-12-30T15:57:35.206Z] GET /api/boards/my
[2025-12-30T15:57:35.420Z] GET /api/boards/my
[2025-12-30T15:57:35.623Z] GET /api/boards/my
[2025-12-30T15:57:35.845Z] GET /api/boards/my
[2025-12-30T15:57:36.062Z] GET /api/boards/my
[2025-12-30T15:57:36.246Z] GET /api/boards/my
[2025-12-30T15:57:36.451Z] GET /api/boards/my
[2025-12-30T15:57:36.666Z] GET /api/boards/my
[2025-12-30T15:57:36.870Z] GET /api/boards/my
[2025-12-30T15:57:37.078Z] GET /api/boards/my
[2025-12-30T15:57:37.297Z] GET /api/boards/my
[2025-12-30T15:57:37.495Z] GET /api/boards/my
[2025-12-30T15:57:37.730Z] GET /api/boards/my
[2025-12-30T15:57:37.904Z] GET /api/boards/my
[2025-12-30T15:57:38.111Z] GET /api/boards/my
[2025-12-30T15:57:38.333Z] GET /api/boards/my
[2025-12-30T15:57:38.519Z] OPTIONS /api/boards/my
[2025-12-30T15:57:38.521Z] GET /api/boards/my
[2025-12-30T15:57:38.744Z] GET /api/boards/my
[2025-12-30T15:57:38.943Z] GET /api/boards/my
[2025-12-30T15:57:39.149Z] GET /api/boards/my
[2025-12-30T15:57:39.367Z] GET /api/boards/my
[2025-12-30T15:57:39.551Z] GET /api/boards/my
[2025-12-30T15:57:39.765Z] GET /api/boards/my
[2025-12-30T15:57:39.970Z] GET /api/boards/my
[2025-12-30T15:57:40.173Z] GET /api/boards/my
[2025-12-30T15:57:40.396Z] GET /api/boards/my
[2025-12-30T15:57:40.581Z] GET /api/boards/my
[2025-12-30T15:57:40.798Z] GET /api/boards/my
[2025-12-30T15:57:40.995Z] GET /api/boards/my
[2025-12-30T15:57:41.204Z] GET /api/boards/my
[2025-12-30T15:57:41.428Z] GET /api/boards/my
[2025-12-30T15:57:41.620Z] GET /api/boards/my
[2025-12-30T15:57:41.831Z] GET /api/boards/my
[2025-12-30T15:57:42.034Z] GET /api/boards/my
[2025-12-30T15:57:42.248Z] GET /api/boards/my
[2025-12-30T15:57:42.462Z] GET /api/boards/my
[2025-12-30T15:57:42.655Z] GET /api/boards/my
[2025-12-30T15:57:42.865Z] GET /api/boards/my
[2025-12-30T15:57:43.062Z] GET /api/boards/my
[2025-12-30T15:57:43.271Z] GET /api/boards/my
[2025-12-30T15:57:43.489Z] GET /api/boards/my
[2025-12-30T15:57:43.680Z] OPTIONS /api/boards/my
[2025-12-30T15:57:43.682Z] GET /api/boards/my
[2025-12-30T15:57:43.891Z] GET /api/boards/my
[2025-12-30T15:57:44.083Z] GET /api/boards/my
[2025-12-30T15:57:44.288Z] GET /api/boards/my
[2025-12-30T15:57:44.515Z] GET /api/boards/my
[2025-12-30T15:57:44.711Z] GET /api/boards/my
[2025-12-30T15:57:44.924Z] GET /api/boards/my
[2025-12-30T15:57:45.120Z] GET /api/boards/my
[2025-12-30T15:57:45.330Z] GET /api/boards/my
[2025-12-30T15:57:45.548Z] GET /api/boards/my
[2025-12-30T15:57:45.731Z] GET /api/boards/my
[2025-12-30T15:57:45.945Z] GET /api/boards/my
[2025-12-30T15:57:46.144Z] GET /api/boards/my
[2025-12-30T15:57:46.361Z] GET /api/boards/my
[2025-12-30T15:57:46.583Z] GET /api/boards/my
[2025-12-30T15:57:46.776Z] GET /api/boards/my
[2025-12-30T15:57:46.989Z] GET /api/boards/my
[2025-12-30T15:57:47.184Z] GET /api/boards/my
[2025-12-30T15:57:47.392Z] GET /api/boards/my
[2025-12-30T15:57:47.619Z] GET /api/boards/my
[2025-12-30T15:57:47.818Z] GET /api/boards/my
[2025-12-30T15:57:48.022Z] GET /api/boards/my
[2025-12-30T15:57:48.231Z] GET /api/boards/my
[2025-12-30T15:57:48.442Z] GET /api/boards/my
[2025-12-30T15:57:48.652Z] GET /api/boards/my
[2025-12-30T15:57:48.854Z] OPTIONS /api/boards/my
[2025-12-30T15:57:48.857Z] GET /api/boards/my
[2025-12-30T15:57:49.053Z] GET /api/boards/my
[2025-12-30T15:57:49.267Z] GET /api/boards/my
[2025-12-30T15:57:49.477Z] GET /api/boards/my
[2025-12-30T15:57:49.678Z] GET /api/boards/my
[2025-12-30T15:57:49.889Z] GET /api/boards/my
[2025-12-30T15:57:50.086Z] GET /api/boards/my
[2025-12-30T15:57:50.298Z] GET /api/boards/my
[2025-12-30T15:57:50.506Z] GET /api/boards/my
[2025-12-30T15:57:50.694Z] GET /api/boards/my
[2025-12-30T15:57:50.902Z] GET /api/boards/my
[2025-12-30T15:57:51.110Z] GET /api/boards/my
[2025-12-30T15:57:51.314Z] GET /api/boards/my
[2025-12-30T15:57:51.527Z] GET /api/boards/my
[2025-12-30T15:57:51.733Z] GET /api/boards/my
[2025-12-30T15:57:51.945Z] GET /api/boards/my
[2025-12-30T15:57:52.139Z] GET /api/boards/my
[2025-12-30T15:57:52.349Z] GET /api/boards/my
[2025-12-30T15:57:52.561Z] GET /api/boards/my
[2025-12-30T15:57:52.761Z] GET /api/boards/my
[2025-12-30T15:57:52.970Z] GET /api/boards/my
[2025-12-30T15:57:53.178Z] GET /api/boards/my
[2025-12-30T15:57:53.377Z] GET /api/boards/my
[2025-12-30T15:57:53.597Z] GET /api/boards/my
[2025-12-30T15:57:53.793Z] GET /api/boards/my
[2025-12-30T15:57:54.005Z] OPTIONS /api/boards/my
[2025-12-30T15:57:54.008Z] GET /api/boards/my
[2025-12-30T15:57:54.211Z] GET /api/boards/my
[2025-12-30T15:57:54.413Z] GET /api/boards/my
[2025-12-30T15:57:54.628Z] GET /api/boards/my
[2025-12-30T15:57:54.826Z] GET /api/boards/my
[2025-12-30T15:57:55.044Z] GET /api/boards/my
[2025-12-30T15:57:55.239Z] GET /api/boards/my
[2025-12-30T15:57:55.452Z] GET /api/boards/my
[2025-12-30T15:57:55.668Z] GET /api/boards/my
[2025-12-30T15:57:55.875Z] GET /api/boards/my
[2025-12-30T15:57:56.088Z] GET /api/boards/my
[2025-12-30T15:57:56.296Z] GET /api/boards/my
[2025-12-30T15:57:56.494Z] GET /api/boards/my
[2025-12-30T15:57:56.696Z] GET /api/boards/my
[2025-12-30T15:57:56.902Z] GET /api/boards/my
[2025-12-30T15:57:57.106Z] GET /api/boards/my
[2025-12-30T15:57:57.313Z] GET /api/boards/my
[2025-12-30T15:57:57.529Z] GET /api/boards/my
[2025-12-30T15:57:57.744Z] GET /api/boards/my
[2025-12-30T15:57:57.940Z] GET /api/boards/my
[2025-12-30T15:57:58.148Z] GET /api/boards/my
[2025-12-30T15:57:58.360Z] GET /api/boards/my
[2025-12-30T15:57:58.550Z] GET /api/boards/my
[2025-12-30T15:57:58.760Z] GET /api/boards/my
[2025-12-30T15:57:58.965Z] GET /api/boards/my
[2025-12-30T15:57:59.176Z] OPTIONS /api/boards/my
[2025-12-30T15:57:59.179Z] GET /api/boards/my
[2025-12-30T15:57:59.416Z] GET /api/boards/my
[2025-12-30T15:57:59.599Z] GET /api/boards/my
[2025-12-30T15:57:59.812Z] GET /api/boards/my
[2025-12-30T15:57:59.998Z] GET /api/boards/my
[2025-12-30T15:58:00.214Z] GET /api/boards/my
[2025-12-30T15:58:00.440Z] GET /api/boards/my
[2025-12-30T15:58:00.638Z] GET /api/boards/my
[2025-12-30T15:58:00.843Z] GET /api/boards/my
[2025-12-30T15:58:01.044Z] GET /api/boards/my
[2025-12-30T15:58:01.256Z] GET /api/boards/my
[2025-12-30T15:58:01.471Z] GET /api/boards/my
[2025-12-30T15:58:01.659Z] GET /api/boards/my
[2025-12-30T15:58:01.876Z] GET /api/boards/my
[2025-12-30T15:58:02.084Z] GET /api/boards/my
[2025-12-30T15:58:02.299Z] GET /api/boards/my
[2025-12-30T15:58:02.500Z] GET /api/boards/my
[2025-12-30T15:58:02.704Z] GET /api/boards/my
[2025-12-30T15:58:02.911Z] GET /api/boards/my
[2025-12-30T15:58:03.112Z] GET /api/boards/my
[2025-12-30T15:58:03.322Z] GET /api/boards/my
[2025-12-30T15:58:03.527Z] GET /api/boards/my
[2025-12-30T15:58:03.747Z] GET /api/boards/my
[2025-12-30T15:58:03.951Z] GET /api/boards/my
[2025-12-30T15:58:04.143Z] GET /api/boards/my
[2025-12-30T15:58:04.359Z] OPTIONS /api/boards/my
[2025-12-30T15:58:04.364Z] GET /api/boards/my
[2025-12-30T15:58:04.559Z] GET /api/boards/my
[2025-12-30T15:58:04.769Z] GET /api/boards/my
[2025-12-30T15:58:04.980Z] GET /api/boards/my
[2025-12-30T15:58:05.182Z] GET /api/boards/my
[2025-12-30T15:58:05.397Z] GET /api/boards/my
[2025-12-30T15:58:05.589Z] GET /api/boards/my
[2025-12-30T15:58:05.806Z] GET /api/boards/my
[2025-12-30T15:58:06.014Z] GET /api/boards/my
[2025-12-30T15:58:06.205Z] GET /api/boards/my
[2025-12-30T15:58:06.421Z] GET /api/boards/my
[2025-12-30T15:58:06.617Z] GET /api/boards/my
[2025-12-30T15:58:06.836Z] GET /api/boards/my
[2025-12-30T15:58:07.043Z] GET /api/boards/my
[2025-12-30T15:58:07.252Z] GET /api/boards/my
[2025-12-30T15:58:07.461Z] GET /api/boards/my
[2025-12-30T15:58:07.659Z] GET /api/boards/my
[2025-12-30T15:58:07.861Z] GET /api/boards/my
[2025-12-30T15:58:08.073Z] GET /api/boards/my
[2025-12-30T15:58:08.284Z] GET /api/boards/my
[2025-12-30T15:58:08.495Z] GET /api/boards/my
[2025-12-30T15:58:08.700Z] GET /api/boards/my
[2025-12-30T15:58:08.911Z] GET /api/boards/my
[2025-12-30T15:58:09.126Z] GET /api/boards/my
[2025-12-30T15:58:09.316Z] GET /api/boards/my
[2025-12-30T15:58:09.516Z] OPTIONS /api/boards/my
[2025-12-30T15:58:09.518Z] GET /api/boards/my
[2025-12-30T15:58:09.720Z] GET /api/boards/my
[2025-12-30T15:58:09.944Z] GET /api/boards/my
[2025-12-30T15:58:10.151Z] GET /api/boards/my
[2025-12-30T15:58:10.353Z] GET /api/boards/my
[2025-12-30T15:58:10.557Z] GET /api/boards/my
[2025-12-30T15:58:10.755Z] GET /api/boards/my
[2025-12-30T15:58:10.956Z] GET /api/boards/my
[2025-12-30T15:58:11.186Z] GET /api/boards/my
[2025-12-30T15:58:11.381Z] GET /api/boards/my
[2025-12-30T15:58:11.594Z] GET /api/boards/my
[2025-12-30T15:58:11.786Z] GET /api/boards/my
[2025-12-30T15:58:11.995Z] GET /api/boards/my
[2025-12-30T15:58:12.222Z] GET /api/boards/my
[2025-12-30T15:58:12.410Z] GET /api/boards/my
[2025-12-30T15:58:12.611Z] GET /api/boards/my
[2025-12-30T15:58:12.823Z] GET /api/boards/my
[2025-12-30T15:58:13.038Z] GET /api/boards/my
[2025-12-30T15:58:13.257Z] GET /api/boards/my
[2025-12-30T15:58:13.443Z] GET /api/boards/my
[2025-12-30T15:58:13.653Z] GET /api/boards/my
[2025-12-30T15:58:13.850Z] GET /api/boards/my
[2025-12-30T15:58:14.066Z] GET /api/boards/my
[2025-12-30T15:58:14.269Z] GET /api/boards/my
[2025-12-30T15:58:14.477Z] GET /api/boards/my
[2025-12-30T15:58:14.688Z] OPTIONS /api/boards/my
[2025-12-30T15:58:14.690Z] GET /api/boards/my
[2025-12-30T15:58:14.888Z] GET /api/boards/my
[2025-12-30T15:58:15.267Z] GET /api/boards/my
[2025-12-30T15:58:15.499Z] GET /api/boards/my
[2025-12-30T15:58:15.712Z] GET /api/boards/my
[2025-12-30T15:58:15.925Z] GET /api/boards/my
[2025-12-30T15:58:16.114Z] GET /api/boards/my
[2025-12-30T15:58:16.324Z] GET /api/boards/my
[2025-12-30T15:58:16.533Z] GET /api/boards/my
[2025-12-30T15:58:16.747Z] GET /api/boards/my
[2025-12-30T15:58:16.948Z] GET /api/boards/my
[2025-12-30T15:58:17.154Z] GET /api/boards/my
[2025-12-30T15:58:17.359Z] GET /api/boards/my
[2025-12-30T15:58:17.560Z] GET /api/boards/my
[2025-12-30T15:58:17.761Z] GET /api/boards/my
[2025-12-30T15:58:17.972Z] GET /api/boards/my
[2025-12-30T15:58:18.188Z] GET /api/boards/my
[2025-12-30T15:58:18.386Z] GET /api/boards/my
[2025-12-30T15:58:18.596Z] GET /api/boards/my
[2025-12-30T15:58:18.791Z] GET /api/boards/my
[2025-12-30T15:58:18.999Z] GET /api/boards/my
[2025-12-30T15:58:19.211Z] GET /api/boards/my
[2025-12-30T15:58:19.420Z] GET /api/boards/my
[2025-12-30T15:58:19.632Z] GET /api/boards/my
[2025-12-30T15:58:19.837Z] OPTIONS /api/boards/my
[2025-12-30T15:58:19.839Z] GET /api/boards/my
[2025-12-30T15:58:20.047Z] GET /api/boards/my
[2025-12-30T15:58:20.250Z] GET /api/boards/my
[2025-12-30T15:58:20.456Z] GET /api/boards/my
[2025-12-30T15:58:20.670Z] GET /api/boards/my
[2025-12-30T15:58:20.863Z] GET /api/boards/my
[2025-12-30T15:58:21.076Z] GET /api/boards/my
[2025-12-30T15:58:21.294Z] GET /api/boards/my
[2025-12-30T15:58:21.493Z] GET /api/boards/my
[2025-12-30T15:58:21.696Z] GET /api/boards/my
[2025-12-30T15:58:21.913Z] GET /api/boards/my
[2025-12-30T15:58:22.113Z] GET /api/boards/my
[2025-12-30T15:58:22.305Z] GET /api/boards/my
[2025-12-30T15:58:22.520Z] GET /api/boards/my
[2025-12-30T15:58:22.723Z] GET /api/boards/my
[2025-12-30T15:58:22.931Z] GET /api/boards/my
[2025-12-30T15:58:23.143Z] GET /api/boards/my
[2025-12-30T15:58:23.344Z] GET /api/boards/my
[2025-12-30T15:58:23.543Z] GET /api/boards/my
[2025-12-30T15:58:23.758Z] GET /api/boards/my
[2025-12-30T15:58:23.953Z] GET /api/boards/my
[2025-12-30T15:58:24.167Z] GET /api/boards/my
[2025-12-30T15:58:24.377Z] GET /api/boards/my
[2025-12-30T15:58:24.572Z] GET /api/boards/my
[2025-12-30T15:58:24.786Z] GET /api/boards/my
[2025-12-30T15:58:25.005Z] OPTIONS /api/boards/my
[2025-12-30T15:58:25.007Z] GET /api/boards/my
[2025-12-30T15:58:25.194Z] GET /api/boards/my
[2025-12-30T15:58:25.412Z] GET /api/boards/my
[2025-12-30T15:58:25.599Z] GET /api/boards/my
[2025-12-30T15:58:25.813Z] GET /api/boards/my
[2025-12-30T15:58:26.043Z] GET /api/boards/my
[2025-12-30T15:58:26.228Z] GET /api/boards/my
[2025-12-30T15:58:26.444Z] GET /api/boards/my
[2025-12-30T15:58:26.639Z] GET /api/boards/my
[2025-12-30T15:58:26.852Z] GET /api/boards/my
[2025-12-30T15:58:27.061Z] GET /api/boards/my
[2025-12-30T15:58:27.261Z] GET /api/boards/my
[2025-12-30T15:58:27.478Z] GET /api/boards/my
[2025-12-30T15:58:27.677Z] GET /api/boards/my
[2025-12-30T15:58:27.890Z] GET /api/boards/my
[2025-12-30T15:58:28.103Z] GET /api/boards/my
[2025-12-30T15:58:28.295Z] GET /api/boards/my
[2025-12-30T15:58:28.512Z] GET /api/boards/my
[2025-12-30T15:58:28.700Z] GET /api/boards/my
[2025-12-30T15:58:28.912Z] GET /api/boards/my
[2025-12-30T15:58:29.123Z] GET /api/boards/my
[2025-12-30T15:58:29.327Z] GET /api/boards/my
[2025-12-30T15:58:29.550Z] GET /api/boards/my
[2025-12-30T15:58:29.737Z] GET /api/boards/my
[2025-12-30T15:58:29.950Z] GET /api/boards/my
[2025-12-30T15:58:30.150Z] OPTIONS /api/boards/my
[2025-12-30T15:58:30.153Z] GET /api/boards/my
[2025-12-30T15:58:30.366Z] GET /api/boards/my
[2025-12-30T15:58:30.595Z] GET /api/boards/my
[2025-12-30T15:58:30.760Z] GET /api/boards/my
[2025-12-30T15:58:30.979Z] GET /api/boards/my
[2025-12-30T15:58:31.185Z] GET /api/boards/my
[2025-12-30T15:58:31.530Z] GET /api/boards/my
[2025-12-30T15:58:31.685Z] GET /api/boards/my
[2025-12-30T15:58:31.893Z] GET /api/boards/my
[2025-12-30T15:58:32.100Z] GET /api/boards/my
[2025-12-30T15:58:32.310Z] GET /api/boards/my
[2025-12-30T15:58:32.515Z] GET /api/boards/my
[2025-12-30T15:58:32.727Z] GET /api/boards/my
[2025-12-30T15:58:32.937Z] GET /api/boards/my
[2025-12-30T15:58:33.137Z] GET /api/boards/my
[2025-12-30T15:58:33.345Z] GET /api/boards/my
[2025-12-30T15:58:33.556Z] GET /api/boards/my
[2025-12-30T15:58:33.760Z] GET /api/boards/my
[2025-12-30T15:58:33.973Z] GET /api/boards/my
[2025-12-30T15:58:34.186Z] GET /api/boards/my
[2025-12-30T15:58:34.383Z] GET /api/boards/my
[2025-12-30T15:58:47.178Z] OPTIONS /api/boards/my
[2025-12-30T15:58:47.191Z] GET /api/boards/my
[2025-12-30T15:58:47.395Z] GET /api/boards/my
[2025-12-30T15:58:47.612Z] GET /api/boards/my
[2025-12-30T15:58:47.810Z] GET /api/boards/my
[2025-12-30T15:58:48.019Z] GET /api/boards/my
[2025-12-30T15:58:48.277Z] GET /api/boards/my
[2025-12-30T15:58:48.427Z] GET /api/boards/my
[2025-12-30T15:58:48.636Z] GET /api/boards/my
[2025-12-30T15:58:48.843Z] GET /api/boards/my
[2025-12-30T15:58:49.052Z] GET /api/boards/my
[2025-12-30T15:58:49.259Z] GET /api/boards/my
[2025-12-30T15:58:49.476Z] GET /api/boards/my
[2025-12-30T15:58:49.675Z] GET /api/boards/my
[2025-12-30T15:58:49.883Z] GET /api/boards/my
[2025-12-30T15:58:50.095Z] GET /api/boards/my
[2025-12-30T15:58:50.299Z] GET /api/boards/my
[2025-12-30T15:58:50.509Z] GET /api/boards/my
[2025-12-30T15:58:50.711Z] GET /api/boards/my
[2025-12-30T15:58:50.920Z] GET /api/boards/my
[2025-12-30T15:58:51.140Z] GET /api/boards/my
[2025-12-30T15:58:51.344Z] GET /api/boards/my
[2025-12-30T15:58:51.553Z] GET /api/boards/my
[2025-12-30T15:58:51.768Z] GET /api/boards/my
[2025-12-30T15:58:51.967Z] GET /api/boards/my
[2025-12-30T15:58:52.173Z] GET /api/boards/my
[2025-12-30T15:58:52.398Z] OPTIONS /api/boards/my
[2025-12-30T15:58:52.402Z] GET /api/boards/my
[2025-12-30T15:58:52.585Z] GET /api/boards/my
[2025-12-30T15:58:52.810Z] GET /api/boards/my
[2025-12-30T15:58:52.995Z] GET /api/boards/my
[2025-12-30T15:58:53.202Z] GET /api/boards/my
[2025-12-30T15:58:53.431Z] GET /api/boards/my
[2025-12-30T15:58:53.614Z] GET /api/boards/my
[2025-12-30T15:58:53.821Z] GET /api/boards/my
[2025-12-30T15:58:54.033Z] GET /api/boards/my
[2025-12-30T15:58:54.247Z] GET /api/boards/my
[2025-12-30T15:58:54.465Z] GET /api/boards/my
[2025-12-30T15:58:54.729Z] GET /api/boards/my
[2025-12-30T15:58:54.980Z] GET /api/boards/my
[2025-12-30T15:58:55.172Z] GET /api/boards/my
[2025-12-30T15:58:55.395Z] GET /api/boards/my
[2025-12-30T15:58:55.594Z] GET /api/boards/my
[2025-12-30T15:58:55.794Z] GET /api/boards/my
[2025-12-30T15:58:56.008Z] GET /api/boards/my
[2025-12-30T15:58:56.206Z] GET /api/boards/my
[2025-12-30T15:58:56.419Z] GET /api/boards/my
[2025-12-30T15:58:56.628Z] GET /api/boards/my
[2025-12-30T15:58:56.834Z] GET /api/boards/my
[2025-12-30T15:58:57.033Z] GET /api/boards/my
[2025-12-30T15:58:57.244Z] GET /api/boards/my
[2025-12-30T15:58:57.444Z] OPTIONS /api/boards/my
[2025-12-30T15:58:57.446Z] GET /api/boards/my
[2025-12-30T15:58:57.661Z] GET /api/boards/my
[2025-12-30T15:58:57.879Z] GET /api/boards/my
[2025-12-30T15:58:58.076Z] GET /api/boards/my
[2025-12-30T15:58:58.288Z] GET /api/boards/my
[2025-12-30T15:58:58.497Z] GET /api/boards/my
[2025-12-30T15:58:58.767Z] GET /api/boards/my
[2025-12-30T15:58:59.011Z] GET /api/boards/my
[2025-12-30T15:58:59.241Z] GET /api/boards/my
[2025-12-30T15:58:59.428Z] GET /api/boards/my
[2025-12-30T15:58:59.613Z] GET /api/boards/my
[2025-12-30T15:58:59.823Z] GET /api/boards/my
[2025-12-30T15:59:00.031Z] GET /api/boards/my
[2025-12-30T15:59:00.243Z] GET /api/boards/my
[2025-12-30T15:59:00.445Z] GET /api/boards/my
[2025-12-30T15:59:00.663Z] GET /api/boards/my
[2025-12-30T15:59:00.847Z] GET /api/boards/my
[2025-12-30T15:59:01.057Z] GET /api/boards/my
[2025-12-30T15:59:01.265Z] GET /api/boards/my
[2025-12-30T15:59:01.480Z] GET /api/boards/my
[2025-12-30T15:59:01.682Z] GET /api/boards/my
[2025-12-30T15:59:01.899Z] GET /api/boards/my
[2025-12-30T15:59:02.110Z] GET /api/boards/my
[2025-12-30T15:59:02.316Z] GET /api/boards/my
[2025-12-30T15:59:02.511Z] OPTIONS /api/boards/my
[2025-12-30T15:59:02.513Z] GET /api/boards/my
[2025-12-30T15:59:02.719Z] GET /api/boards/my
[2025-12-30T15:59:02.939Z] GET /api/boards/my
[2025-12-30T15:59:03.161Z] GET /api/boards/my
[2025-12-30T15:59:03.349Z] GET /api/boards/my
[2025-12-30T15:59:03.564Z] GET /api/boards/my
[2025-12-30T15:59:03.766Z] GET /api/boards/my
[2025-12-30T15:59:03.971Z] GET /api/boards/my
[2025-12-30T15:59:04.198Z] GET /api/boards/my
[2025-12-30T15:59:04.384Z] GET /api/boards/my
[2025-12-30T15:59:04.594Z] GET /api/boards/my
[2025-12-30T15:59:04.795Z] GET /api/boards/my
[2025-12-30T15:59:04.988Z] GET /api/boards/my
[2025-12-30T15:59:05.214Z] GET /api/boards/my
[2025-12-30T15:59:05.412Z] GET /api/boards/my
[2025-12-30T15:59:05.618Z] GET /api/boards/my
[2025-12-30T15:59:05.823Z] GET /api/boards/my
[2025-12-30T15:59:06.055Z] GET /api/boards/my
[2025-12-30T15:59:06.259Z] GET /api/boards/my
[2025-12-30T15:59:06.453Z] GET /api/boards/my
[2025-12-30T15:59:06.666Z] GET /api/boards/my
[2025-12-30T15:59:06.879Z] GET /api/boards/my
[2025-12-30T15:59:07.075Z] GET /api/boards/my
[2025-12-30T15:59:07.285Z] GET /api/boards/my
[2025-12-30T15:59:07.482Z] GET /api/boards/my
[2025-12-30T15:59:07.713Z] OPTIONS /api/boards/my
[2025-12-30T15:59:07.715Z] GET /api/boards/my
[2025-12-30T15:59:07.918Z] GET /api/boards/my
[2025-12-30T15:59:08.124Z] GET /api/boards/my
[2025-12-30T15:59:08.319Z] GET /api/boards/my
[2025-12-30T15:59:08.527Z] GET /api/boards/my
[2025-12-30T15:59:08.733Z] GET /api/boards/my
[2025-12-30T15:59:08.944Z] GET /api/boards/my
[2025-12-30T15:59:09.160Z] GET /api/boards/my
[2025-12-30T15:59:09.355Z] GET /api/boards/my
[2025-12-30T15:59:09.648Z] GET /api/boards/my
[2025-12-30T15:59:09.861Z] GET /api/boards/my
[2025-12-30T15:59:10.066Z] GET /api/boards/my
[2025-12-30T15:59:10.280Z] GET /api/boards/my
[2025-12-30T15:59:10.476Z] GET /api/boards/my
[2025-12-30T15:59:10.689Z] GET /api/boards/my
[2025-12-30T15:59:10.889Z] GET /api/boards/my
[2025-12-30T15:59:11.105Z] GET /api/boards/my
[2025-12-30T15:59:11.393Z] GET /api/boards/my
[2025-12-30T15:59:11.612Z] GET /api/boards/my
[2025-12-30T15:59:11.818Z] GET /api/boards/my
[2025-12-30T15:59:12.044Z] GET /api/boards/my
[2025-12-30T15:59:12.240Z] GET /api/boards/my
[2025-12-30T15:59:12.447Z] GET /api/boards/my
[2025-12-30T15:59:12.656Z] GET /api/boards/my
[2025-12-30T15:59:12.860Z] OPTIONS /api/boards/my
[2025-12-30T15:59:12.864Z] GET /api/boards/my
[2025-12-30T15:59:13.069Z] GET /api/boards/my
[2025-12-30T15:59:13.277Z] GET /api/boards/my
[2025-12-30T15:59:13.480Z] GET /api/boards/my
[2025-12-30T15:59:13.696Z] GET /api/boards/my
[2025-12-30T15:59:13.905Z] GET /api/boards/my
[2025-12-30T15:59:14.112Z] GET /api/boards/my
[2025-12-30T15:59:14.313Z] GET /api/boards/my
[2025-12-30T15:59:14.520Z] GET /api/boards/my
[2025-12-30T15:59:14.726Z] GET /api/boards/my
[2025-12-30T15:59:14.944Z] GET /api/boards/my
[2025-12-30T15:59:15.304Z] GET /api/boards/my
[2025-12-30T15:59:15.444Z] GET /api/boards/my
[2025-12-30T15:59:15.651Z] GET /api/boards/my
[2025-12-30T15:59:15.855Z] GET /api/boards/my
[2025-12-30T15:59:16.062Z] GET /api/boards/my
[2025-12-30T15:59:16.281Z] GET /api/boards/my
[2025-12-30T15:59:16.509Z] GET /api/boards/my
[2025-12-30T15:59:16.685Z] GET /api/boards/my
[2025-12-30T15:59:16.892Z] GET /api/boards/my
[2025-12-30T15:59:17.106Z] GET /api/boards/my
[2025-12-30T15:59:17.313Z] GET /api/boards/my
[2025-12-30T15:59:17.514Z] GET /api/boards/my
[2025-12-30T15:59:17.733Z] GET /api/boards/my
[2025-12-30T15:59:17.944Z] OPTIONS /api/boards/my
[2025-12-30T15:59:17.948Z] GET /api/boards/my
[2025-12-30T15:59:18.136Z] GET /api/boards/my
[2025-12-30T15:59:18.348Z] GET /api/boards/my
[2025-12-30T15:59:18.552Z] GET /api/boards/my
[2025-12-30T15:59:18.756Z] GET /api/boards/my
[2025-12-30T15:59:18.969Z] GET /api/boards/my
[2025-12-30T15:59:19.173Z] GET /api/boards/my
[2025-12-30T15:59:19.381Z] GET /api/boards/my
[2025-12-30T15:59:19.596Z] GET /api/boards/my
[2025-12-30T15:59:19.805Z] GET /api/boards/my
[2025-12-30T15:59:20.023Z] GET /api/boards/my
[2025-12-30T15:59:20.216Z] GET /api/boards/my
[2025-12-30T15:59:20.422Z] GET /api/boards/my
[2025-12-30T15:59:20.635Z] GET /api/boards/my
[2025-12-30T15:59:20.839Z] GET /api/boards/my
[2025-12-30T15:59:21.060Z] GET /api/boards/my
[2025-12-30T15:59:21.253Z] GET /api/boards/my
[2025-12-30T15:59:21.459Z] GET /api/boards/my
[2025-12-30T15:59:21.672Z] GET /api/boards/my
[2025-12-30T15:59:21.877Z] GET /api/boards/my
[2025-12-30T15:59:22.091Z] GET /api/boards/my
[2025-12-30T15:59:22.287Z] GET /api/boards/my
[2025-12-30T15:59:22.492Z] GET /api/boards/my
[2025-12-30T15:59:22.704Z] GET /api/boards/my
[2025-12-30T15:59:22.914Z] GET /api/boards/my
[2025-12-30T15:59:23.118Z] OPTIONS /api/boards/my
[2025-12-30T15:59:23.121Z] GET /api/boards/my
[2025-12-30T15:59:23.322Z] GET /api/boards/my
[2025-12-30T15:59:23.534Z] GET /api/boards/my
[2025-12-30T15:59:23.737Z] GET /api/boards/my
[2025-12-30T15:59:23.939Z] GET /api/boards/my
[2025-12-30T15:59:24.144Z] GET /api/boards/my
[2025-12-30T15:59:24.349Z] GET /api/boards/my
[2025-12-30T15:59:24.553Z] GET /api/boards/my
[2025-12-30T15:59:24.767Z] GET /api/boards/my
[2025-12-30T15:59:24.974Z] GET /api/boards/my
[2025-12-30T15:59:25.175Z] GET /api/boards/my
[2025-12-30T15:59:25.410Z] GET /api/boards/my
[2025-12-30T15:59:25.613Z] GET /api/boards/my
[2025-12-30T15:59:25.794Z] GET /api/boards/my
[2025-12-30T15:59:26.001Z] GET /api/boards/my
[2025-12-30T15:59:26.206Z] GET /api/boards/my
[2025-12-30T15:59:26.421Z] GET /api/boards/my
[2025-12-30T15:59:26.629Z] GET /api/boards/my
[2025-12-30T15:59:26.832Z] GET /api/boards/my
[2025-12-30T15:59:27.041Z] GET /api/boards/my
[2025-12-30T15:59:27.248Z] GET /api/boards/my
[2025-12-30T15:59:27.452Z] GET /api/boards/my
[2025-12-30T15:59:27.675Z] GET /api/boards/my
[2025-12-30T15:59:27.867Z] GET /api/boards/my
[2025-12-30T15:59:28.073Z] GET /api/boards/my
[2025-12-30T15:59:28.274Z] OPTIONS /api/boards/my
[2025-12-30T15:59:28.277Z] GET /api/boards/my
[2025-12-30T15:59:28.489Z] GET /api/boards/my
[2025-12-30T15:59:28.703Z] GET /api/boards/my
[2025-12-30T15:59:28.900Z] GET /api/boards/my
[2025-12-30T15:59:29.098Z] GET /api/boards/my
[2025-12-30T15:59:29.301Z] GET /api/boards/my
[2025-12-30T15:59:29.516Z] GET /api/boards/my
[2025-12-30T15:59:29.724Z] GET /api/boards/my
[2025-12-30T15:59:29.923Z] GET /api/boards/my
[2025-12-30T15:59:30.133Z] GET /api/boards/my
[2025-12-30T15:59:30.347Z] GET /api/boards/my
[2025-12-30T15:59:30.552Z] GET /api/boards/my
[2025-12-30T15:59:30.753Z] GET /api/boards/my
[2025-12-30T15:59:30.966Z] GET /api/boards/my
[2025-12-30T15:59:31.174Z] GET /api/boards/my
[2025-12-30T15:59:31.377Z] GET /api/boards/my
[2025-12-30T15:59:31.583Z] GET /api/boards/my
[2025-12-30T15:59:31.786Z] GET /api/boards/my
[2025-12-30T15:59:31.998Z] GET /api/boards/my
[2025-12-30T15:59:32.199Z] GET /api/boards/my
[2025-12-30T15:59:32.414Z] GET /api/boards/my
[2025-12-30T15:59:32.615Z] GET /api/boards/my
[2025-12-30T15:59:32.819Z] GET /api/boards/my
[2025-12-30T15:59:33.032Z] GET /api/boards/my
[2025-12-30T15:59:33.230Z] GET /api/boards/my
[2025-12-30T15:59:33.436Z] OPTIONS /api/boards/my
[2025-12-30T15:59:33.440Z] GET /api/boards/my
[2025-12-30T15:59:33.649Z] GET /api/boards/my
[2025-12-30T15:59:33.852Z] GET /api/boards/my
[2025-12-30T15:59:34.069Z] GET /api/boards/my
[2025-12-30T15:59:34.271Z] GET /api/boards/my
[2025-12-30T15:59:34.482Z] GET /api/boards/my
[2025-12-30T15:59:34.684Z] GET /api/boards/my
[2025-12-30T15:59:34.890Z] GET /api/boards/my
[2025-12-30T15:59:35.093Z] GET /api/boards/my
[2025-12-30T15:59:35.308Z] GET /api/boards/my
[2025-12-30T15:59:35.493Z] GET /api/boards/my
[2025-12-30T15:59:35.708Z] GET /api/boards/my
[2025-12-30T15:59:35.916Z] GET /api/boards/my
[2025-12-30T15:59:36.121Z] GET /api/boards/my
[2025-12-30T15:59:36.346Z] GET /api/boards/my
[2025-12-30T15:59:36.538Z] GET /api/boards/my
[2025-12-30T15:59:36.756Z] GET /api/boards/my
[2025-12-30T15:59:36.945Z] GET /api/boards/my
[2025-12-30T15:59:37.161Z] GET /api/boards/my
[2025-12-30T15:59:37.365Z] GET /api/boards/my
[2025-12-30T15:59:37.568Z] GET /api/boards/my
[2025-12-30T15:59:37.775Z] GET /api/boards/my
[2025-12-30T15:59:37.971Z] GET /api/boards/my
[2025-12-30T15:59:38.181Z] GET /api/boards/my
[2025-12-30T15:59:38.388Z] GET /api/boards/my
[2025-12-30T15:59:38.608Z] OPTIONS /api/boards/my
[2025-12-30T15:59:38.611Z] GET /api/boards/my
[2025-12-30T15:59:38.804Z] GET /api/boards/my
[2025-12-30T15:59:39.006Z] GET /api/boards/my
[2025-12-30T15:59:39.214Z] GET /api/boards/my
[2025-12-30T15:59:39.428Z] GET /api/boards/my
[2025-12-30T15:59:39.637Z] GET /api/boards/my
[2025-12-30T15:59:39.835Z] GET /api/boards/my
[2025-12-30T15:59:40.050Z] GET /api/boards/my
[2025-12-30T15:59:40.253Z] GET /api/boards/my
[2025-12-30T15:59:40.453Z] GET /api/boards/my
[2025-12-30T15:59:40.659Z] GET /api/boards/my
[2025-12-30T15:59:40.868Z] GET /api/boards/my
[2025-12-30T15:59:41.080Z] GET /api/boards/my
[2025-12-30T15:59:41.287Z] GET /api/boards/my
[2025-12-30T15:59:41.492Z] GET /api/boards/my
[2025-12-30T15:59:41.718Z] GET /api/boards/my
[2025-12-30T15:59:41.901Z] GET /api/boards/my
[2025-12-30T15:59:42.115Z] GET /api/boards/my
[2025-12-30T15:59:42.318Z] GET /api/boards/my
[2025-12-30T15:59:42.521Z] GET /api/boards/my
[2025-12-30T15:59:42.732Z] GET /api/boards/my
[2025-12-30T15:59:42.942Z] GET /api/boards/my
[2025-12-30T15:59:43.136Z] GET /api/boards/my
[2025-12-30T15:59:43.349Z] GET /api/boards/my
[2025-12-30T15:59:43.544Z] GET /api/boards/my
[2025-12-30T15:59:43.747Z] OPTIONS /api/boards/my
[2025-12-30T15:59:43.752Z] GET /api/boards/my
[2025-12-30T15:59:43.969Z] GET /api/boards/my
[2025-12-30T15:59:44.166Z] GET /api/boards/my
[2025-12-30T15:59:44.367Z] GET /api/boards/my
[2025-12-30T15:59:44.577Z] GET /api/boards/my
[2025-12-30T15:59:44.782Z] GET /api/boards/my
[2025-12-30T15:59:44.994Z] GET /api/boards/my
[2025-12-30T15:59:45.193Z] GET /api/boards/my
[2025-12-30T15:59:45.396Z] GET /api/boards/my
[2025-12-30T15:59:45.599Z] GET /api/boards/my
[2025-12-30T15:59:45.810Z] GET /api/boards/my
[2025-12-30T15:59:46.025Z] GET /api/boards/my
[2025-12-30T15:59:46.215Z] GET /api/boards/my
[2025-12-30T15:59:46.423Z] GET /api/boards/my
[2025-12-30T15:59:46.627Z] GET /api/boards/my
[2025-12-30T15:59:46.835Z] GET /api/boards/my
[2025-12-30T15:59:47.044Z] GET /api/boards/my
[2025-12-30T15:59:47.247Z] GET /api/boards/my
[2025-12-30T15:59:47.450Z] GET /api/boards/my
[2025-12-30T15:59:47.680Z] GET /api/boards/my
[2025-12-30T15:59:47.856Z] GET /api/boards/my
[2025-12-30T15:59:48.061Z] GET /api/boards/my
[2025-12-30T15:59:48.269Z] GET /api/boards/my
[2025-12-30T15:59:48.479Z] GET /api/boards/my
[2025-12-30T15:59:48.686Z] GET /api/boards/my
[2025-12-30T15:59:48.886Z] OPTIONS /api/boards/my
[2025-12-30T15:59:48.888Z] GET /api/boards/my
[2025-12-30T15:59:49.087Z] GET /api/boards/my
[2025-12-30T15:59:49.296Z] GET /api/boards/my
[2025-12-30T15:59:49.494Z] GET /api/boards/my
[2025-12-30T15:59:49.703Z] GET /api/boards/my
[2025-12-30T15:59:49.914Z] GET /api/boards/my
[2025-12-30T15:59:50.128Z] GET /api/boards/my
[2025-12-30T15:59:50.338Z] GET /api/boards/my
[2025-12-30T15:59:50.529Z] GET /api/boards/my
[2025-12-30T15:59:50.738Z] GET /api/boards/my
[2025-12-30T15:59:50.945Z] GET /api/boards/my
[2025-12-30T15:59:51.153Z] GET /api/boards/my
[2025-12-30T15:59:51.364Z] GET /api/boards/my
[2025-12-30T15:59:51.562Z] GET /api/boards/my
[2025-12-30T15:59:51.770Z] GET /api/boards/my
[2025-12-30T15:59:51.976Z] GET /api/boards/my
[2025-12-30T15:59:52.183Z] GET /api/boards/my
[2025-12-30T15:59:52.390Z] GET /api/boards/my
[2025-12-30T15:59:52.601Z] GET /api/boards/my
[2025-12-30T15:59:52.801Z] GET /api/boards/my
[2025-12-30T15:59:53.006Z] GET /api/boards/my
[2025-12-30T15:59:53.203Z] GET /api/boards/my
[2025-12-30T15:59:53.413Z] GET /api/boards/my
[2025-12-30T15:59:53.633Z] GET /api/boards/my
[2025-12-30T15:59:53.829Z] GET /api/boards/my
[2025-12-30T15:59:54.024Z] OPTIONS /api/boards/my
[2025-12-30T15:59:54.029Z] GET /api/boards/my
[2025-12-30T15:59:54.239Z] GET /api/boards/my
[2025-12-30T15:59:54.443Z] GET /api/boards/my
[2025-12-30T15:59:54.663Z] GET /api/boards/my
[2025-12-30T15:59:54.848Z] GET /api/boards/my
[2025-12-30T15:59:55.054Z] GET /api/boards/my
[2025-12-30T15:59:55.265Z] GET /api/boards/my
[2025-12-30T15:59:55.499Z] GET /api/boards/my
[2025-12-30T15:59:55.702Z] GET /api/boards/my
[2025-12-30T15:59:55.887Z] GET /api/boards/my
[2025-12-30T15:59:56.090Z] GET /api/boards/my
[2025-12-30T15:59:56.302Z] GET /api/boards/my
[2025-12-30T15:59:56.502Z] GET /api/boards/my
[2025-12-30T15:59:56.732Z] GET /api/boards/my
[2025-12-30T15:59:56.940Z] GET /api/boards/my
[2025-12-30T15:59:57.135Z] GET /api/boards/my
[2025-12-30T15:59:57.342Z] GET /api/boards/my
[2025-12-30T15:59:57.546Z] GET /api/boards/my
[2025-12-30T15:59:57.784Z] GET /api/boards/my
[2025-12-30T15:59:57.994Z] GET /api/boards/my
[2025-12-30T15:59:58.167Z] GET /api/boards/my
[2025-12-30T15:59:58.369Z] GET /api/boards/my
[2025-12-30T15:59:58.573Z] GET /api/boards/my
[2025-12-30T15:59:58.783Z] GET /api/boards/my
[2025-12-30T15:59:58.992Z] GET /api/boards/my
[2025-12-30T15:59:59.195Z] OPTIONS /api/boards/my
[2025-12-30T15:59:59.203Z] GET /api/boards/my
[2025-12-30T15:59:59.401Z] GET /api/boards/my
[2025-12-30T15:59:59.617Z] GET /api/boards/my
[2025-12-30T15:59:59.821Z] GET /api/boards/my
[2025-12-30T16:00:00.118Z] GET /api/boards/my
[2025-12-30T16:00:00.341Z] GET /api/boards/my
[2025-12-30T16:00:00.542Z] GET /api/boards/my
[2025-12-30T16:00:00.752Z] GET /api/boards/my
[2025-12-30T16:00:00.971Z] GET /api/boards/my
[2025-12-30T16:00:01.159Z] GET /api/boards/my
[2025-12-30T16:00:01.365Z] GET /api/boards/my
[2025-12-30T16:00:01.578Z] GET /api/boards/my
[2025-12-30T16:00:01.788Z] GET /api/boards/my
[2025-12-30T16:00:02.078Z] GET /api/boards/my
[2025-12-30T16:00:02.294Z] GET /api/boards/my
[2025-12-30T16:00:02.514Z] GET /api/boards/my
[2025-12-30T16:00:02.735Z] GET /api/boards/my
[2025-12-30T16:00:02.931Z] GET /api/boards/my
[2025-12-30T16:00:03.136Z] GET /api/boards/my
[2025-12-30T16:00:03.341Z] GET /api/boards/my
[2025-12-30T16:00:03.546Z] GET /api/boards/my
[2025-12-30T16:00:03.760Z] GET /api/boards/my
[2025-12-30T16:00:03.951Z] GET /api/boards/my
[2025-12-30T16:00:04.163Z] GET /api/boards/my
[2025-12-30T16:00:04.371Z] OPTIONS /api/boards/my
[2025-12-30T16:00:04.376Z] GET /api/boards/my
[2025-12-30T16:00:04.583Z] GET /api/boards/my
[2025-12-30T16:00:04.821Z] GET /api/boards/my
[2025-12-30T16:00:04.995Z] GET /api/boards/my
[2025-12-30T16:00:05.178Z] GET /api/boards/my
[2025-12-30T16:00:05.394Z] GET /api/boards/my
[2025-12-30T16:00:05.601Z] GET /api/boards/my
[2025-12-30T16:00:05.812Z] GET /api/boards/my
[2025-12-30T16:00:06.007Z] GET /api/boards/my
[2025-12-30T16:00:06.210Z] GET /api/boards/my
[2025-12-30T16:00:06.430Z] GET /api/boards/my
[2025-12-30T16:00:06.632Z] GET /api/boards/my
[2025-12-30T16:00:06.844Z] GET /api/boards/my
[2025-12-30T16:00:07.054Z] GET /api/boards/my
[2025-12-30T16:00:07.256Z] GET /api/boards/my
[2025-12-30T16:00:07.461Z] GET /api/boards/my
[2025-12-30T16:00:07.668Z] GET /api/boards/my
[2025-12-30T16:00:07.875Z] GET /api/boards/my
[2025-12-30T16:00:08.203Z] GET /api/boards/my
[2025-12-30T16:00:08.426Z] GET /api/boards/my
[2025-12-30T16:00:08.625Z] GET /api/boards/my
[2025-12-30T16:00:08.830Z] GET /api/boards/my
[2025-12-30T16:00:09.036Z] GET /api/boards/my
[2025-12-30T16:00:09.244Z] GET /api/boards/my
[2025-12-30T16:00:09.458Z] OPTIONS /api/boards/my
[2025-12-30T16:00:09.461Z] GET /api/boards/my
[2025-12-30T16:00:09.654Z] GET /api/boards/my
[2025-12-30T16:00:09.868Z] GET /api/boards/my
[2025-12-30T16:00:10.079Z] GET /api/boards/my
[2025-12-30T16:00:10.281Z] GET /api/boards/my
[2025-12-30T16:00:10.491Z] GET /api/boards/my
[2025-12-30T16:00:10.693Z] GET /api/boards/my
[2025-12-30T16:00:10.902Z] GET /api/boards/my
[2025-12-30T16:00:11.114Z] GET /api/boards/my
[2025-12-30T16:00:11.333Z] GET /api/boards/my
[2025-12-30T16:00:11.532Z] GET /api/boards/my
[2025-12-30T16:00:11.744Z] GET /api/boards/my
[2025-12-30T16:00:11.949Z] GET /api/boards/my
[2025-12-30T16:00:12.159Z] GET /api/boards/my
[2025-12-30T16:00:12.371Z] GET /api/boards/my
[2025-12-30T16:00:12.601Z] GET /api/boards/my
[2025-12-30T16:00:12.788Z] GET /api/boards/my
[2025-12-30T16:00:13.000Z] GET /api/boards/my
[2025-12-30T16:00:13.205Z] GET /api/boards/my
[2025-12-30T16:00:13.413Z] GET /api/boards/my
[2025-12-30T16:00:13.614Z] GET /api/boards/my
[2025-12-30T16:00:13.821Z] GET /api/boards/my
[2025-12-30T16:00:14.056Z] GET /api/boards/my
[2025-12-30T16:00:14.282Z] GET /api/boards/my
[2025-12-30T16:00:14.441Z] GET /api/boards/my
[2025-12-30T16:00:14.648Z] OPTIONS /api/boards/my
[2025-12-30T16:00:14.652Z] GET /api/boards/my
[2025-12-30T16:00:14.865Z] GET /api/boards/my
[2025-12-30T16:00:15.253Z] GET /api/boards/my
[2025-12-30T16:00:15.482Z] GET /api/boards/my
[2025-12-30T16:00:15.704Z] GET /api/boards/my
[2025-12-30T16:00:15.897Z] GET /api/boards/my
[2025-12-30T16:00:16.110Z] GET /api/boards/my
[2025-12-30T16:00:16.304Z] GET /api/boards/my
[2025-12-30T16:00:16.511Z] GET /api/boards/my
[2025-12-30T16:00:16.715Z] GET /api/boards/my
[2025-12-30T16:00:16.924Z] GET /api/boards/my
[2025-12-30T16:00:17.136Z] GET /api/boards/my
[2025-12-30T16:00:17.339Z] GET /api/boards/my
[2025-12-30T16:00:17.551Z] GET /api/boards/my
[2025-12-30T16:00:17.761Z] GET /api/boards/my
[2025-12-30T16:00:17.968Z] GET /api/boards/my
[2025-12-30T16:00:18.173Z] GET /api/boards/my
[2025-12-30T16:00:18.377Z] GET /api/boards/my
[2025-12-30T16:00:18.583Z] GET /api/boards/my
[2025-12-30T16:00:18.798Z] GET /api/boards/my
[2025-12-30T16:00:19.003Z] GET /api/boards/my
[2025-12-30T16:00:19.209Z] GET /api/boards/my
[2025-12-30T16:00:19.402Z] GET /api/boards/my
[2025-12-30T16:00:19.615Z] GET /api/boards/my
[2025-12-30T16:00:19.823Z] OPTIONS /api/boards/my
[2025-12-30T16:00:19.828Z] GET /api/boards/my
[2025-12-30T16:00:20.048Z] GET /api/boards/my
[2025-12-30T16:00:20.235Z] GET /api/boards/my
[2025-12-30T16:00:20.476Z] GET /api/boards/my
[2025-12-30T16:00:20.656Z] GET /api/boards/my
[2025-12-30T16:00:20.853Z] GET /api/boards/my
[2025-12-30T16:00:21.066Z] GET /api/boards/my
[2025-12-30T16:00:21.270Z] GET /api/boards/my
[2025-12-30T16:00:21.481Z] GET /api/boards/my
[2025-12-30T16:00:21.683Z] GET /api/boards/my
[2025-12-30T16:00:21.902Z] GET /api/boards/my
[2025-12-30T16:00:22.102Z] GET /api/boards/my
[2025-12-30T16:00:22.312Z] GET /api/boards/my
[2025-12-30T16:00:22.513Z] GET /api/boards/my
[2025-12-30T16:00:22.742Z] GET /api/boards/my
[2025-12-30T16:00:22.919Z] GET /api/boards/my
[2025-12-30T16:00:23.131Z] GET /api/boards/my
[2025-12-30T16:00:23.333Z] GET /api/boards/my
[2025-12-30T16:00:23.540Z] GET /api/boards/my
[2025-12-30T16:00:23.756Z] GET /api/boards/my
[2025-12-30T16:00:23.953Z] GET /api/boards/my
[2025-12-30T16:00:24.166Z] GET /api/boards/my
[2025-12-30T16:00:24.367Z] GET /api/boards/my
[2025-12-30T16:00:24.583Z] GET /api/boards/my
[2025-12-30T16:00:24.793Z] GET /api/boards/my
[2025-12-30T16:00:24.988Z] OPTIONS /api/boards/my
[2025-12-30T16:00:24.993Z] GET /api/boards/my
[2025-12-30T16:00:25.206Z] GET /api/boards/my
[2025-12-30T16:00:25.400Z] GET /api/boards/my
[2025-12-30T16:00:25.616Z] GET /api/boards/my
[2025-12-30T16:00:25.821Z] GET /api/boards/my
[2025-12-30T16:00:26.031Z] GET /api/boards/my
[2025-12-30T16:00:26.235Z] GET /api/boards/my
[2025-12-30T16:00:26.439Z] GET /api/boards/my
[2025-12-30T16:00:26.646Z] GET /api/boards/my
[2025-12-30T16:00:26.850Z] GET /api/boards/my
[2025-12-30T16:00:27.071Z] GET /api/boards/my
[2025-12-30T16:00:27.278Z] GET /api/boards/my
[2025-12-30T16:00:27.485Z] GET /api/boards/my
[2025-12-30T16:00:27.697Z] GET /api/boards/my
[2025-12-30T16:00:27.901Z] GET /api/boards/my
[2025-12-30T16:00:28.116Z] GET /api/boards/my
[2025-12-30T16:00:28.334Z] GET /api/boards/my
[2025-12-30T16:00:28.526Z] GET /api/boards/my
[2025-12-30T16:00:28.735Z] GET /api/boards/my
[2025-12-30T16:00:28.938Z] GET /api/boards/my
[2025-12-30T16:00:29.144Z] GET /api/boards/my
[2025-12-30T16:00:29.353Z] GET /api/boards/my
[2025-12-30T16:00:29.559Z] GET /api/boards/my
[2025-12-30T16:00:29.761Z] GET /api/boards/my
[2025-12-30T16:00:29.965Z] GET /api/boards/my
[2025-12-30T16:00:30.166Z] OPTIONS /api/boards/my
[2025-12-30T16:00:30.172Z] GET /api/boards/my
[2025-12-30T16:00:30.383Z] GET /api/boards/my
[2025-12-30T16:00:30.589Z] GET /api/boards/my
[2025-12-30T16:00:30.795Z] GET /api/boards/my
[2025-12-30T16:00:30.993Z] GET /api/boards/my
[2025-12-30T16:00:31.207Z] GET /api/boards/my
[2025-12-30T16:00:31.414Z] GET /api/boards/my
[2025-12-30T16:00:31.617Z] GET /api/boards/my
[2025-12-30T16:00:31.832Z] GET /api/boards/my
[2025-12-30T16:00:32.028Z] GET /api/boards/my
[2025-12-30T16:00:32.236Z] GET /api/boards/my
[2025-12-30T16:00:32.444Z] GET /api/boards/my
[2025-12-30T16:00:32.652Z] GET /api/boards/my
[2025-12-30T16:00:32.866Z] GET /api/boards/my
[2025-12-30T16:00:33.064Z] GET /api/boards/my
[2025-12-30T16:00:33.277Z] GET /api/boards/my
[2025-12-30T16:00:33.484Z] GET /api/boards/my
[2025-12-30T16:00:33.691Z] GET /api/boards/my
[2025-12-30T16:00:33.887Z] GET /api/boards/my
[2025-12-30T16:00:34.096Z] GET /api/boards/my
[2025-12-30T16:00:34.301Z] GET /api/boards/my
[2025-12-30T16:00:34.505Z] GET /api/boards/my
[2025-12-30T16:00:34.715Z] GET /api/boards/my
[2025-12-30T16:00:34.922Z] GET /api/boards/my
[2025-12-30T16:00:35.127Z] GET /api/boards/my
[2025-12-30T16:00:35.339Z] OPTIONS /api/boards/my
[2025-12-30T16:00:35.343Z] GET /api/boards/my
[2025-12-30T16:00:35.546Z] GET /api/boards/my
[2025-12-30T16:00:35.747Z] GET /api/boards/my
[2025-12-30T16:00:35.950Z] GET /api/boards/my
[2025-12-30T16:00:36.161Z] GET /api/boards/my
[2025-12-30T16:00:36.373Z] GET /api/boards/my
[2025-12-30T16:00:36.572Z] GET /api/boards/my
[2025-12-30T16:00:36.788Z] GET /api/boards/my
[2025-12-30T16:00:36.995Z] GET /api/boards/my
[2025-12-30T16:00:37.189Z] GET /api/boards/my
[2025-12-30T16:00:37.395Z] GET /api/boards/my
[2025-12-30T16:00:37.598Z] GET /api/boards/my
[2025-12-30T16:00:37.815Z] GET /api/boards/my
[2025-12-30T16:00:38.026Z] GET /api/boards/my
[2025-12-30T16:00:38.233Z] GET /api/boards/my
[2025-12-30T16:00:38.436Z] GET /api/boards/my
[2025-12-30T16:00:38.636Z] GET /api/boards/my
[2025-12-30T16:00:38.848Z] GET /api/boards/my
[2025-12-30T16:00:39.056Z] GET /api/boards/my
[2025-12-30T16:00:39.264Z] GET /api/boards/my
[2025-12-30T16:00:39.477Z] GET /api/boards/my
[2025-12-30T16:00:39.685Z] GET /api/boards/my
[2025-12-30T16:00:39.892Z] GET /api/boards/my
[2025-12-30T16:00:40.098Z] GET /api/boards/my
[2025-12-30T16:00:40.310Z] GET /api/boards/my
[2025-12-30T16:00:40.505Z] OPTIONS /api/boards/my
[2025-12-30T16:00:40.508Z] GET /api/boards/my
[2025-12-30T16:00:40.715Z] GET /api/boards/my
[2025-12-30T16:00:40.926Z] GET /api/boards/my
[2025-12-30T16:00:41.136Z] GET /api/boards/my
[2025-12-30T16:00:41.353Z] GET /api/boards/my
[2025-12-30T16:00:41.552Z] GET /api/boards/my
[2025-12-30T16:00:41.757Z] GET /api/boards/my
[2025-12-30T16:00:41.959Z] GET /api/boards/my
[2025-12-30T16:00:42.166Z] GET /api/boards/my
[2025-12-30T16:00:42.367Z] GET /api/boards/my
[2025-12-30T16:00:42.584Z] GET /api/boards/my
[2025-12-30T16:00:42.785Z] GET /api/boards/my
[2025-12-30T16:00:42.991Z] GET /api/boards/my
[2025-12-30T16:00:43.196Z] GET /api/boards/my
[2025-12-30T16:00:43.401Z] GET /api/boards/my
[2025-12-30T16:00:43.671Z] GET /api/boards/my
[2025-12-30T16:00:43.813Z] GET /api/boards/my
[2025-12-30T16:00:44.025Z] GET /api/boards/my
[2025-12-30T16:00:44.222Z] GET /api/boards/my
[2025-12-30T16:00:44.434Z] GET /api/boards/my
[2025-12-30T16:00:44.644Z] GET /api/boards/my
[2025-12-30T16:00:44.856Z] GET /api/boards/my
[2025-12-30T16:00:45.061Z] GET /api/boards/my
[2025-12-30T16:00:45.262Z] GET /api/boards/my
[2025-12-30T16:00:45.471Z] GET /api/boards/my
[2025-12-30T16:00:45.671Z] OPTIONS /api/boards/my
[2025-12-30T16:00:45.676Z] GET /api/boards/my
[2025-12-30T16:00:45.884Z] GET /api/boards/my
[2025-12-30T16:00:46.083Z] GET /api/boards/my
[2025-12-30T16:00:46.291Z] GET /api/boards/my
[2025-12-30T16:00:46.502Z] GET /api/boards/my
[2025-12-30T16:00:46.702Z] GET /api/boards/my
[2025-12-30T16:00:46.914Z] GET /api/boards/my
[2025-12-30T16:00:47.126Z] GET /api/boards/my
[2025-12-30T16:00:47.332Z] GET /api/boards/my
[2025-12-30T16:00:47.534Z] GET /api/boards/my
[2025-12-30T16:00:47.759Z] GET /api/boards/my
[2025-12-30T16:00:47.949Z] GET /api/boards/my
[2025-12-30T16:00:48.154Z] GET /api/boards/my
[2025-12-30T16:00:48.359Z] GET /api/boards/my
[2025-12-30T16:00:48.566Z] GET /api/boards/my
[2025-12-30T16:00:48.764Z] GET /api/boards/my
[2025-12-30T16:00:48.978Z] GET /api/boards/my
[2025-12-30T16:00:49.186Z] GET /api/boards/my
[2025-12-30T16:00:49.392Z] GET /api/boards/my
[2025-12-30T16:00:49.596Z] GET /api/boards/my
[2025-12-30T16:00:49.799Z] GET /api/boards/my
[2025-12-30T16:00:50.003Z] GET /api/boards/my
[2025-12-30T16:00:50.221Z] GET /api/boards/my
[2025-12-30T16:00:50.413Z] GET /api/boards/my
[2025-12-30T16:00:50.617Z] GET /api/boards/my
[2025-12-30T16:00:50.827Z] OPTIONS /api/boards/my
[2025-12-30T16:00:50.831Z] GET /api/boards/my
[2025-12-30T16:00:51.034Z] GET /api/boards/my
[2025-12-30T16:00:51.252Z] GET /api/boards/my
[2025-12-30T16:00:51.458Z] GET /api/boards/my
[2025-12-30T16:00:51.652Z] GET /api/boards/my
[2025-12-30T16:00:51.943Z] GET /api/boards/my
[2025-12-30T16:00:52.162Z] GET /api/boards/my
[2025-12-30T16:00:52.366Z] GET /api/boards/my
[2025-12-30T16:00:52.585Z] GET /api/boards/my
[2025-12-30T16:00:52.803Z] GET /api/boards/my
[2025-12-30T16:00:52.997Z] GET /api/boards/my
[2025-12-30T16:00:53.206Z] GET /api/boards/my
[2025-12-30T16:00:53.416Z] GET /api/boards/my
[2025-12-30T16:00:53.630Z] GET /api/boards/my
[2025-12-30T16:00:53.838Z] GET /api/boards/my
[2025-12-30T16:00:54.035Z] GET /api/boards/my
[2025-12-30T16:00:54.249Z] GET /api/boards/my
[2025-12-30T16:00:54.451Z] GET /api/boards/my
[2025-12-30T16:00:54.663Z] GET /api/boards/my
[2025-12-30T16:00:54.875Z] GET /api/boards/my
[2025-12-30T16:00:55.072Z] GET /api/boards/my
[2025-12-30T16:00:55.280Z] GET /api/boards/my
[2025-12-30T16:00:55.488Z] GET /api/boards/my
[2025-12-30T16:00:55.695Z] GET /api/boards/my
[2025-12-30T16:00:55.895Z] OPTIONS /api/boards/my
[2025-12-30T16:00:55.898Z] GET /api/boards/my
[2025-12-30T16:00:56.103Z] GET /api/boards/my
[2025-12-30T16:00:56.325Z] GET /api/boards/my
[2025-12-30T16:00:56.524Z] GET /api/boards/my
[2025-12-30T16:00:56.743Z] GET /api/boards/my
[2025-12-30T16:00:56.934Z] GET /api/boards/my
[2025-12-30T16:00:57.145Z] GET /api/boards/my
[2025-12-30T16:00:57.360Z] GET /api/boards/my
[2025-12-30T16:00:57.562Z] GET /api/boards/my
[2025-12-30T16:00:57.770Z] GET /api/boards/my
[2025-12-30T16:00:57.967Z] GET /api/boards/my
[2025-12-30T16:00:58.179Z] GET /api/boards/my
[2025-12-30T16:00:58.386Z] GET /api/boards/my
[2025-12-30T16:00:58.583Z] GET /api/boards/my
[2025-12-30T16:00:58.792Z] GET /api/boards/my
[2025-12-30T16:00:58.997Z] GET /api/boards/my
[2025-12-30T16:00:59.208Z] GET /api/boards/my
[2025-12-30T16:00:59.410Z] GET /api/boards/my
[2025-12-30T16:00:59.615Z] GET /api/boards/my
[2025-12-30T16:00:59.831Z] GET /api/boards/my
[2025-12-30T16:01:00.035Z] GET /api/boards/my
[2025-12-30T16:01:00.242Z] GET /api/boards/my
[2025-12-30T16:01:00.452Z] GET /api/boards/my
[2025-12-30T16:01:00.663Z] GET /api/boards/my
[2025-12-30T16:01:00.916Z] OPTIONS /api/boards/my
[2025-12-30T16:01:00.918Z] GET /api/boards/my
[2025-12-30T16:01:01.071Z] GET /api/boards/my
[2025-12-30T16:01:01.281Z] GET /api/boards/my
[2025-12-30T16:01:01.480Z] GET /api/boards/my
[2025-12-30T16:01:01.688Z] GET /api/boards/my
[2025-12-30T16:01:01.887Z] GET /api/boards/my
[2025-12-30T16:01:02.091Z] GET /api/boards/my
[2025-12-30T16:01:02.298Z] GET /api/boards/my
[2025-12-30T16:01:02.505Z] GET /api/boards/my
[2025-12-30T16:01:02.711Z] GET /api/boards/my
[2025-12-30T16:01:02.920Z] GET /api/boards/my
[2025-12-30T16:01:03.124Z] GET /api/boards/my
[2025-12-30T16:01:03.330Z] GET /api/boards/my
[2025-12-30T16:01:03.534Z] GET /api/boards/my
[2025-12-30T16:01:03.751Z] GET /api/boards/my
[2025-12-30T16:01:03.965Z] GET /api/boards/my
[2025-12-30T16:01:04.165Z] GET /api/boards/my
[2025-12-30T16:01:04.375Z] GET /api/boards/my
[2025-12-30T16:01:04.581Z] GET /api/boards/my
[2025-12-30T16:01:04.789Z] GET /api/boards/my
[2025-12-30T16:01:05.000Z] GET /api/boards/my
[2025-12-30T16:01:05.197Z] GET /api/boards/my
[2025-12-30T16:01:05.406Z] GET /api/boards/my
[2025-12-30T16:01:05.616Z] GET /api/boards/my
[2025-12-30T16:01:05.818Z] GET /api/boards/my
[2025-12-30T16:01:06.027Z] OPTIONS /api/boards/my
[2025-12-30T16:01:06.032Z] GET /api/boards/my
[2025-12-30T16:01:06.238Z] GET /api/boards/my
[2025-12-30T16:01:06.447Z] GET /api/boards/my
[2025-12-30T16:01:06.648Z] GET /api/boards/my
[2025-12-30T16:01:06.861Z] GET /api/boards/my
[2025-12-30T16:01:07.065Z] GET /api/boards/my
[2025-12-30T16:01:07.264Z] GET /api/boards/my
[2025-12-30T16:01:07.476Z] GET /api/boards/my
[2025-12-30T16:01:07.678Z] GET /api/boards/my
[2025-12-30T16:01:07.881Z] GET /api/boards/my
[2025-12-30T16:01:08.082Z] GET /api/boards/my
[2025-12-30T16:01:08.294Z] GET /api/boards/my
[2025-12-30T16:01:08.504Z] GET /api/boards/my
[2025-12-30T16:01:08.708Z] GET /api/boards/my
[2025-12-30T16:01:08.917Z] GET /api/boards/my
[2025-12-30T16:01:09.119Z] GET /api/boards/my
[2025-12-30T16:01:09.336Z] GET /api/boards/my
[2025-12-30T16:01:09.539Z] GET /api/boards/my
[2025-12-30T16:01:09.734Z] GET /api/boards/my
[2025-12-30T16:01:09.947Z] GET /api/boards/my
[2025-12-30T16:01:10.144Z] GET /api/boards/my
[2025-12-30T16:01:10.350Z] GET /api/boards/my
[2025-12-30T16:01:10.564Z] GET /api/boards/my
[2025-12-30T16:01:10.799Z] GET /api/boards/my
[2025-12-30T16:01:10.966Z] GET /api/boards/my
[2025-12-30T16:01:11.176Z] OPTIONS /api/boards/my
[2025-12-30T16:01:11.179Z] GET /api/boards/my
[2025-12-30T16:01:11.389Z] GET /api/boards/my
[2025-12-30T16:01:11.599Z] GET /api/boards/my
[2025-12-30T16:01:11.798Z] GET /api/boards/my
[2025-12-30T16:01:12.016Z] GET /api/boards/my
[2025-12-30T16:01:12.210Z] GET /api/boards/my
[2025-12-30T16:01:12.419Z] GET /api/boards/my
[2025-12-30T16:01:12.632Z] GET /api/boards/my
[2025-12-30T16:01:12.834Z] GET /api/boards/my
[2025-12-30T16:01:13.037Z] GET /api/boards/my
[2025-12-30T16:01:13.248Z] GET /api/boards/my
[2025-12-30T16:01:13.452Z] GET /api/boards/my
[2025-12-30T16:01:13.662Z] GET /api/boards/my
[2025-12-30T16:01:13.867Z] GET /api/boards/my
[2025-12-30T16:01:14.075Z] GET /api/boards/my
[2025-12-30T16:01:14.283Z] GET /api/boards/my
[2025-12-30T16:01:14.486Z] GET /api/boards/my
[2025-12-30T16:01:14.944Z] GET /api/boards/my
[2025-12-30T16:01:15.359Z] GET /api/boards/my
[2025-12-30T16:01:15.519Z] GET /api/boards/my
[2025-12-30T16:01:15.735Z] GET /api/boards/my
[2025-12-30T16:01:15.927Z] GET /api/boards/my
[2025-12-30T16:01:16.143Z] GET /api/boards/my
[2025-12-30T16:01:16.343Z] OPTIONS /api/boards/my
[2025-12-30T16:01:16.347Z] GET /api/boards/my
[2025-12-30T16:01:16.550Z] GET /api/boards/my
[2025-12-30T16:01:16.753Z] GET /api/boards/my
[2025-12-30T16:01:16.959Z] GET /api/boards/my
[2025-12-30T16:01:17.164Z] GET /api/boards/my
[2025-12-30T16:01:17.371Z] GET /api/boards/my
[2025-12-30T16:01:17.581Z] GET /api/boards/my
[2025-12-30T16:01:17.783Z] GET /api/boards/my
[2025-12-30T16:01:17.992Z] GET /api/boards/my
[2025-12-30T16:01:18.205Z] GET /api/boards/my
[2025-12-30T16:01:18.416Z] GET /api/boards/my
[2025-12-30T16:01:18.626Z] GET /api/boards/my
[2025-12-30T16:01:18.835Z] GET /api/boards/my
[2025-12-30T16:01:19.051Z] GET /api/boards/my
[2025-12-30T16:01:19.263Z] GET /api/boards/my
[2025-12-30T16:01:19.464Z] GET /api/boards/my
[2025-12-30T16:01:19.670Z] GET /api/boards/my
[2025-12-30T16:01:19.877Z] GET /api/boards/my
[2025-12-30T16:01:20.094Z] GET /api/boards/my
[2025-12-30T16:01:20.317Z] GET /api/boards/my
[2025-12-30T16:01:20.501Z] GET /api/boards/my
[2025-12-30T16:01:20.696Z] GET /api/boards/my
[2025-12-30T16:01:20.909Z] GET /api/boards/my
[2025-12-30T16:01:21.110Z] GET /api/boards/my
[2025-12-30T16:01:21.327Z] GET /api/boards/my
[2025-12-30T16:01:21.536Z] OPTIONS /api/boards/my
[2025-12-30T16:01:21.539Z] GET /api/boards/my
[2025-12-30T16:01:21.739Z] GET /api/boards/my
[2025-12-30T16:01:21.947Z] GET /api/boards/my
[2025-12-30T16:01:22.150Z] GET /api/boards/my
[2025-12-30T16:01:22.362Z] GET /api/boards/my
[2025-12-30T16:01:22.570Z] GET /api/boards/my
[2025-12-30T16:01:22.781Z] GET /api/boards/my
[2025-12-30T16:01:22.984Z] GET /api/boards/my
[2025-12-30T16:01:23.187Z] GET /api/boards/my
[2025-12-30T16:01:23.394Z] GET /api/boards/my
[2025-12-30T16:01:23.623Z] GET /api/boards/my
[2025-12-30T16:01:23.820Z] GET /api/boards/my
[2025-12-30T16:01:24.030Z] GET /api/boards/my
[2025-12-30T16:01:24.233Z] GET /api/boards/my
[2025-12-30T16:01:24.478Z] GET /api/boards/my
[2025-12-30T16:01:24.649Z] GET /api/boards/my
[2025-12-30T16:01:24.852Z] GET /api/boards/my
[2025-12-30T16:01:25.052Z] GET /api/boards/my
[2025-12-30T16:01:25.268Z] GET /api/boards/my
[2025-12-30T16:01:25.477Z] GET /api/boards/my
[2025-12-30T16:01:25.711Z] GET /api/boards/my
[2025-12-30T16:01:25.958Z] GET /api/boards/my
[2025-12-30T16:01:26.116Z] GET /api/boards/my
[2025-12-30T16:01:26.332Z] GET /api/boards/my
[2025-12-30T16:01:26.533Z] GET /api/boards/my
[2025-12-30T16:01:26.745Z] OPTIONS /api/boards/my
[2025-12-30T16:01:26.751Z] GET /api/boards/my
[2025-12-30T16:01:26.952Z] GET /api/boards/my
[2025-12-30T16:01:27.164Z] GET /api/boards/my
[2025-12-30T16:01:27.367Z] GET /api/boards/my
[2025-12-30T16:01:27.576Z] GET /api/boards/my
[2025-12-30T16:01:27.781Z] GET /api/boards/my
[2025-12-30T16:01:27.989Z] GET /api/boards/my
[2025-12-30T16:01:28.190Z] GET /api/boards/my
[2025-12-30T16:01:28.398Z] GET /api/boards/my
[2025-12-30T16:01:28.613Z] GET /api/boards/my
[2025-12-30T16:01:28.809Z] GET /api/boards/my
[2025-12-30T16:01:29.017Z] GET /api/boards/my
[2025-12-30T16:01:29.221Z] GET /api/boards/my
[2025-12-30T16:01:29.429Z] GET /api/boards/my
[2025-12-30T16:01:29.632Z] GET /api/boards/my
[2025-12-30T16:01:29.844Z] GET /api/boards/my
[2025-12-30T16:01:30.047Z] GET /api/boards/my
[2025-12-30T16:01:30.259Z] GET /api/boards/my
[2025-12-30T16:01:30.467Z] GET /api/boards/my
[2025-12-30T16:01:30.668Z] GET /api/boards/my
[2025-12-30T16:01:30.878Z] GET /api/boards/my
[2025-12-30T16:01:31.091Z] GET /api/boards/my
[2025-12-30T16:01:31.298Z] GET /api/boards/my
[2025-12-30T16:01:31.513Z] GET /api/boards/my
[2025-12-30T16:01:31.750Z] OPTIONS /api/boards/my
[2025-12-30T16:01:31.754Z] GET /api/boards/my
